drug_index,disease_index,label
14016,33654,1
14016,35988,1
14017,33654,1
14017,35988,1
14019,30813,1
14019,38513,1
14019,83772,1
14019,83773,1
14019,29854,1
14019,33534,1
14019,32815,1
14019,27452,1
14019,30990,1
14019,39208,1
14019,83785,1
14019,29993,1
14019,83794,1
14019,32967,1
14019,35650,1
14019,32531,1
14019,36458,1
14019,33294,1
14019,38515,1
14019,30602,1
14019,27648,1
14020,39208,1
14021,39208,1
14023,30813,1
14023,38513,1
14023,83772,1
14023,83773,1
14023,29854,1
14023,33534,1
14023,27452,1
14023,30990,1
14023,39208,1
14023,83785,1
14023,29993,1
14023,83794,1
14023,32967,1
14023,35650,1
14023,32531,1
14023,36458,1
14023,33294,1
14023,38515,1
14023,30602,1
14023,27648,1
14023,33654,1
14023,84096,1
14024,30813,1
14024,38513,1
14024,83772,1
14024,83773,1
14024,29854,1
14024,33534,1
14024,32815,1
14024,27452,1
14024,30990,1
14024,39208,1
14024,83785,1
14024,29993,1
14024,83794,1
14024,32967,1
14024,35650,1
14024,32531,1
14024,36458,1
14024,33294,1
14024,38515,1
14024,30602,1
14024,27648,1
14024,36425,1
14024,84160,1
14026,39208,1
14028,30813,1
14028,38513,1
14028,83772,1
14028,83773,1
14028,29854,1
14028,33534,1
14028,32815,1
14028,27452,1
14028,30990,1
14028,39208,1
14028,83785,1
14028,29993,1
14028,83794,1
14028,32967,1
14028,35650,1
14028,32531,1
14028,36458,1
14028,38515,1
14028,30602,1
14028,27648,1
14028,33654,1
14028,35988,1
14029,39208,1
14030,30813,1
14030,38513,1
14030,83772,1
14030,83773,1
14030,29854,1
14030,33534,1
14030,27452,1
14030,30990,1
14030,39208,1
14030,83785,1
14030,29993,1
14030,83794,1
14030,32967,1
14030,35650,1
14030,32531,1
14030,36458,1
14030,33294,1
14030,38515,1
14030,30602,1
14030,27648,1
14030,33210,1
14030,33654,1
14030,35988,1
14030,84096,1
14030,37548,1
14030,31008,1
14031,33654,1
14033,39208,1
14042,30813,1
14042,38513,1
14042,83772,1
14042,83773,1
14042,29854,1
14042,33534,1
14042,32815,1
14042,30990,1
14042,39208,1
14042,83785,1
14042,29993,1
14042,83794,1
14042,32967,1
14042,35650,1
14042,32531,1
14042,36458,1
14050,33654,1
14050,35988,1
14059,32719,1
14059,32622,1
14059,32194,1
14059,37668,1
14060,32719,1
14060,32622,1
14060,32194,1
14060,37668,1
14063,33249,1
14113,29361,1
14127,32847,1
14139,31408,1
14139,28974,1
14139,32759,1
14139,32974,1
14141,29865,1
14144,29865,1
14167,32999,1
14167,84003,1
14186,36527,1
14186,37967,1
14186,37150,1
14188,32999,1
14188,32729,1
14190,83899,1
14192,29865,1
14194,30990,1
14194,39208,1
14194,83785,1
14194,35650,1
14194,32531,1
14194,36458,1
14194,30075,1
14196,27684,1
14196,84235,1
14196,84239,1
14196,33276,1
14196,33398,1
14199,33210,1
14199,32999,1
14201,37640,1
14201,84076,1
14201,84077,1
14201,32959,1
14201,84081,1
14206,33534,1
14207,39498,1
14207,28542,1
14207,29194,1
14207,30039,1
14207,33089,1
14207,37613,1
14208,83765,1
14208,33453,1
14208,33232,1
14220,31408,1
14220,28974,1
14220,32759,1
14220,32974,1
14229,29361,1
14229,31176,1
14230,37640,1
14230,84076,1
14230,84077,1
14230,32959,1
14230,84081,1
14237,33127,1
14245,32494,1
14247,33494,1
14248,32469,1
14262,31176,1
14269,30813,1
14269,38513,1
14269,83772,1
14269,83773,1
14269,29854,1
14269,33534,1
14269,32815,1
14269,27452,1
14269,30990,1
14269,39208,1
14269,83785,1
14269,29993,1
14269,83794,1
14269,32967,1
14269,35650,1
14269,32531,1
14269,36458,1
14269,33294,1
14269,38515,1
14269,30602,1
14269,27648,1
14275,29993,1
14275,83794,1
14275,35650,1
14275,32531,1
14275,36458,1
14275,33294,1
14275,36527,1
14275,37967,1
14275,37150,1
14275,83853,1
14275,83855,1
14275,83857,1
14275,83862,1
14275,33188,1
14275,32622,1
14275,32194,1
14275,37668,1
14275,36425,1
14275,84160,1
14275,30075,1
14279,33334,1
14279,33210,1
14279,32999,1
14279,84076,1
14281,32764,1
14281,33216,1
14281,32651,1
14281,84113,1
14288,32710,1
14288,37640,1
14288,32729,1
14288,32283,1
14288,32284,1
14288,32290,1
14288,33347,1
14288,32484,1
14288,32473,1
14288,84178,1
14288,32494,1
14288,39632,1
14288,33329,1
14290,27913,1
14290,28402,1
14294,29865,1
14297,33299,1
14298,33299,1
14307,31137,1
14313,29361,1
14313,84319,1
14318,84003,1
14320,30813,1
14320,38513,1
14320,83772,1
14320,83773,1
14320,29854,1
14320,33534,1
14320,32815,1
14320,27452,1
14320,30990,1
14320,39208,1
14320,83785,1
14320,29993,1
14320,83794,1
14320,32967,1
14320,35650,1
14320,32531,1
14320,36458,1
14320,33294,1
14320,38515,1
14320,30602,1
14320,27648,1
14320,33654,1
14320,33064,1
14320,35988,1
14320,36425,1
14320,84160,1
14320,30075,1
14321,31408,1
14321,28974,1
14321,32759,1
14321,32974,1
14338,32202,1
14347,33534,1
14378,29865,1
14383,27452,1
14409,33068,1
14411,32531,1
14411,32520,1
14447,30664,1
14449,27275,1
14450,32531,1
14452,31408,1
14452,28974,1
14452,32759,1
14452,32974,1
14461,83853,1
14461,83855,1
14461,83857,1
14461,83862,1
14463,83853,1
14463,83855,1
14463,83857,1
14463,83862,1
14467,33294,1
14471,36638,1
14504,29646,1
14510,32296,1
14511,33459,1
14511,83838,1
14516,83899,1
14527,27522,1
14554,30816,1
14560,27285,1
14578,31541,1
14584,39455,1
14602,33216,1
14604,36527,1
14612,36527,1
14612,37967,1
14612,37150,1
14612,33520,1
14623,33534,1
14628,83853,1
14628,83855,1
14628,83857,1
14628,83862,1
14634,32012,1
14644,30664,1
14656,29865,1
14663,83853,1
14663,83855,1
14663,83857,1
14663,83862,1
14667,31137,1
14680,31502,1
14682,33210,1
14695,32847,1
14696,33210,1
14702,32875,1
14713,83853,1
14713,83855,1
14713,83857,1
14713,83862,1
14725,30829,1
14725,32132,1
14725,29034,1
14729,32875,1
14729,39498,1
14729,28542,1
14737,36527,1
14737,37967,1
14737,37150,1
14740,29993,1
14740,83794,1
14740,33294,1
14754,33654,1
14754,35988,1
14758,83899,1
14761,32307,1
14761,35732,1
14764,29361,1
14768,32296,1
14769,30669,1
14774,32296,1
14779,28811,1
14779,27292,1
14779,27286,1
14780,83853,1
14780,83855,1
14780,83857,1
14780,83862,1
14780,29361,1
14783,27770,1
14785,32875,1
14786,32875,1
14789,83853,1
14789,83855,1
14789,83857,1
14789,83862,1
14789,29361,1
14789,29863,1
14789,32256,1
14791,83853,1
14791,83855,1
14791,83857,1
14791,83862,1
14792,36527,1
14792,37967,1
14792,37150,1
14792,32307,1
14793,83899,1
14794,30039,1
14806,31408,1
14806,28974,1
14806,32759,1
14806,32974,1
14830,31408,1
14830,28974,1
14830,32759,1
14830,32974,1
14831,31408,1
14831,28974,1
14831,32759,1
14831,32974,1
14831,31524,1
14844,37870,1
14849,30990,1
14849,39208,1
14849,83785,1
14849,29993,1
14849,83794,1
14849,35650,1
14849,32531,1
14849,36458,1
14849,30039,1
14849,29118,1
14849,36825,1
14868,29993,1
14868,83794,1
14868,35650,1
14868,32531,1
14868,36458,1
14868,36527,1
14868,37967,1
14868,37150,1
14868,33464,1
14875,36527,1
14875,37967,1
14875,37150,1
14876,33316,1
14899,27770,1
14904,31408,1
14904,28974,1
14904,32759,1
14904,32974,1
14914,29993,1
14914,83794,1
14924,32272,1
14924,38889,1
14924,32875,1
14936,37640,1
14936,84076,1
14936,39632,1
14941,39208,1
14945,29646,1
14945,83869,1
14945,83870,1
14945,37115,1
14949,32959,1
14954,30990,1
14954,39208,1
14954,83785,1
14954,33188,1
14954,36425,1
14955,29993,1
14955,83794,1
14955,35650,1
14955,32531,1
14955,36458,1
14955,33294,1
14955,33188,1
14955,36425,1
14955,84160,1
14955,30075,1
14956,29865,1
14961,33299,1
14968,30664,1
14986,36112,1
14992,33216,1
14992,32651,1
14993,29865,1
14993,27770,1
15002,29194,1
15003,30813,1
15003,38513,1
15003,83772,1
15003,83773,1
15003,29854,1
15003,33534,1
15003,32815,1
15003,27452,1
15003,30990,1
15003,39208,1
15003,83785,1
15003,29993,1
15003,83794,1
15003,32967,1
15003,35650,1
15003,32531,1
15003,36458,1
15003,33294,1
15003,38515,1
15003,30602,1
15003,27648,1
15003,33654,1
15003,35988,1
15009,39208,1
15012,32531,1
15015,30664,1
15018,83853,1
15018,83855,1
15018,83857,1
15018,83862,1
15018,39498,1
15018,39171,1
15018,28542,1
15030,30039,1
15033,33294,1
15036,36527,1
15036,37967,1
15036,37150,1
15036,32307,1
15049,28977,1
15051,30669,1
15055,29089,1
15057,36527,1
15057,37967,1
15057,37150,1
15064,39208,1
15074,30664,1
15077,32531,1
15081,31524,1
15090,29865,1
15098,83772,1
15098,83773,1
15098,29854,1
15107,30990,1
15107,39208,1
15107,83785,1
15107,29993,1
15107,83794,1
15107,35650,1
15107,32531,1
15107,36458,1
15107,36527,1
15124,31408,1
15124,28974,1
15124,32759,1
15124,32974,1
15134,36527,1
15134,37967,1
15134,37150,1
15134,30039,1
15138,31408,1
15138,28974,1
15138,32759,1
15138,32974,1
15142,36112,1
15144,32875,1
15144,39498,1
15144,28542,1
15149,83853,1
15149,83855,1
15149,83857,1
15149,83862,1
15149,29361,1
15154,29993,1
15154,83794,1
15173,30664,1
15176,31487,1
15180,32710,1
15180,33654,1
15180,37640,1
15180,84076,1
15180,84077,1
15180,32959,1
15180,33332,1
15180,84081,1
15180,32626,1
15180,32879,1
15180,32918,1
15180,33542,1
15185,29089,1
15187,30039,1
15193,31408,1
15193,28974,1
15193,32759,1
15193,32974,1
15205,36078,1
15206,39208,1
15218,32132,1
15218,30829,1
15218,29034,1
15250,27610,1
15263,83853,1
15263,83855,1
15263,83857,1
15263,83862,1
15288,83798,1
15288,33294,1
15291,31408,1
15291,28974,1
15291,32759,1
15291,32974,1
15299,33210,1
15299,32999,1
15302,32593,1
15303,39208,1
15307,83771,1
15307,32815,1
15307,39753,1
15308,27248,1
15311,29865,1
15315,29993,1
15315,83794,1
15316,32875,1
15322,32999,1
15322,32729,1
15326,32999,1
15326,32729,1
15333,31408,1
15333,28974,1
15333,32759,1
15333,32974,1
15363,33294,1
15369,32227,1
15409,29118,1
15409,36825,1
15412,83853,1
15412,83855,1
15412,83857,1
15412,83862,1
15413,36527,1
15413,37967,1
15413,37150,1
15414,83853,1
15414,83855,1
15414,83857,1
15414,83862,1
15416,29865,1
15420,32875,1
15425,32710,1
15425,37640,1
15425,84076,1
15425,84077,1
15425,32959,1
15425,33332,1
15425,84081,1
15425,32626,1
15425,33542,1
15428,39208,1
15429,30039,1
15431,27770,1
15440,32930,1
15446,33225,1
15448,32847,1
15450,83771,1
15450,37870,1
15456,37640,1
15456,33216,1
15456,32651,1
15456,84076,1
15456,84077,1
15456,32959,1
15456,84081,1
15456,32249,1
15456,33316,1
15456,32601,1
15458,27770,1
15462,32875,1
15475,29865,1
15477,33299,1
15481,36527,1
15481,37967,1
15481,37150,1
15485,33210,1
15486,39208,1
15493,31408,1
15493,28974,1
15493,32759,1
15493,32974,1
15493,32847,1
15500,39208,1
15502,32764,1
15502,32651,1
15502,33216,1
15502,32734,1
15563,32631,1
15563,33450,1
15573,33216,1
15573,32651,1
15573,32249,1
15583,39208,1
15584,32847,1
15591,33299,1
15594,29993,1
15594,83794,1
15597,29118,1
15597,36825,1
15597,27610,1
15599,29646,1
15599,83869,1
15599,83870,1
15599,37115,1
15599,29194,1
15612,32631,1
15612,33450,1
15671,33294,1
15709,33068,1
15739,83853,1
15739,83855,1
15739,83857,1
15739,83862,1
15748,32531,1
15750,29194,1
15767,33654,1
15771,33334,1
15771,84076,1
15772,31408,1
15772,28974,1
15772,32759,1
15772,32974,1
15804,83798,1
15812,31408,1
15812,28974,1
15812,32759,1
15812,32974,1
15822,31144,1
15822,29955,1
15839,32875,1
15858,31384,1
15858,30905,1
15875,33451,1
15893,29993,1
15893,83794,1
15893,35650,1
15893,32531,1
15893,36458,1
15893,33294,1
15893,36425,1
15893,84160,1
15901,33299,1
15914,37640,1
15914,84076,1
15914,84077,1
15914,32959,1
15914,33332,1
15914,84081,1
15914,32626,1
15958,32827,1
15970,30039,1
16028,33520,1
16036,83867,1
16036,27710,1
16041,30816,1
16054,31408,1
16054,28974,1
16054,32759,1
16054,32974,1
16056,31408,1
16056,28974,1
16056,32759,1
16056,32974,1
16063,33654,1
16063,35988,1
16180,29854,1
16226,35650,1
16226,32531,1
16226,36458,1
16227,33294,1
16271,27522,1
16281,83867,1
16281,27710,1
16315,31408,1
16315,28974,1
16315,32759,1
16315,32974,1
16337,32012,1
16340,32875,1
16443,29854,1
16443,28441,1
16465,33451,1
16495,83853,1
16495,83855,1
16495,83857,1
16495,83862,1
16510,32307,1
16510,35732,1
16510,84243,1
16511,33064,1
16517,33064,1
16559,83798,1
16572,31745,1
16575,31745,1
16580,31745,1
16753,32531,1
16818,35732,1
16825,32296,1
16842,31408,1
16842,28974,1
16842,32759,1
16842,32974,1
16855,30664,1
16867,37640,1
16867,84076,1
16867,84077,1
16867,32959,1
16867,84081,1
16975,33249,1
17023,27710,1
17023,84193,1
17042,29646,1
17042,83869,1
17042,83870,1
17042,37115,1
17215,31137,1
17235,83772,1
17235,83773,1
17235,29854,1
17243,83772,1
17243,83773,1
17243,29854,1
17270,31408,1
17270,28974,1
17270,32759,1
17270,32974,1
17282,36514,1
17318,30664,1
17335,32924,1
17398,30483,1
17428,31137,1
17524,29993,1
17524,83794,1
17524,35650,1
17524,32531,1
17524,36458,1
17524,83826,1
17524,33510,1
17524,39297,1
17524,84147,1
17524,35701,1
17524,37184,1
17524,84151,1
17524,84153,1
17524,32636,1
17524,36425,1
17524,84160,1
17524,84303,1
17533,39208,1
17545,83853,1
17545,83855,1
17545,83857,1
17545,83862,1
17654,33464,1
17727,31137,1
17728,31137,1
17729,31137,1
17776,39208,1
17881,27522,1
17886,30813,1
17893,36078,1
17945,27950,1
17946,27950,1
17947,27304,1
17948,27304,1
18160,29161,1
18160,39170,1
18165,36078,1
18195,83899,1
18216,33316,1
18283,33534,1
18314,33225,1
18314,28745,1
18406,84289,1
18409,32879,1
18416,32692,1
18416,38736,1
18416,32202,1
18416,30937,1
18576,29854,1
18576,28441,1
18590,33332,1
18755,39498,1
18755,28542,1
18755,32918,1
18959,39208,1
19197,39455,1
19207,31408,1
19207,28974,1
19207,32759,1
19207,32974,1
19250,83798,1
19350,29854,1
19350,28441,1
19351,29854,1
19351,28441,1
19360,33555,1
19616,27810,1
19718,28175,1
19886,30039,1
20077,27292,1
20156,36527,1
20164,28265,1
20169,33512,1
20194,30990,1
20194,39208,1
20194,83785,1
20196,30669,1
20212,36527,1
20212,37967,1
20212,37150,1
20239,28811,1
20239,27292,1
20239,27286,1
20239,31502,1
20250,28332,1
20250,84139,1
20270,27248,1
20318,33654,1
20318,35988,1
20318,84076,1
20324,31502,1
20332,32296,1
20333,32296,1
20334,32296,1
20336,83826,1
20407,28332,1
20407,84139,1
20409,84178,1
20409,39632,1
20409,33329,1
20418,33654,1
20418,32879,1
20418,32918,1
20422,37640,1
20422,84076,1
20422,84077,1
20422,32959,1
20422,84081,1
20423,33225,1
20423,28745,1
20434,36527,1
20434,37967,1
20434,37150,1
20436,32778,1
20473,35650,1
20473,32531,1
20473,36458,1
20473,30039,1
20473,29118,1
20473,36825,1
20499,32012,1
20500,29946,1
20509,36527,1
20509,37967,1
20509,37150,1
20536,32710,1
20537,32710,1
20541,36527,1
20542,29118,1
20542,36825,1
20552,83899,1
20555,32918,1
20557,30905,1
20565,27304,1
20569,37870,1
20579,30669,1
20586,33188,1
20607,30612,1
20627,36112,1
20630,84243,1
20631,27285,1
20638,31298,1
20647,27304,1
20647,27894,1
20647,27355,1
20649,27304,1
20651,32680,1
20652,32483,1
20270,27248,1
15308,27248,1
14449,27275,1
14560,27285,1
20631,27285,1
20239,27286,1
14779,27286,1
20239,27292,1
14779,27292,1
20077,27292,1
20565,27304,1
17948,27304,1
17947,27304,1
20647,27304,1
20649,27304,1
20647,27355,1
14269,27452,1
14024,27452,1
14030,27452,1
14028,27452,1
15003,27452,1
14320,27452,1
14383,27452,1
14019,27452,1
14023,27452,1
14527,27522,1
17881,27522,1
16271,27522,1
15597,27610,1
15250,27610,1
14269,27648,1
14024,27648,1
14030,27648,1
14028,27648,1
15003,27648,1
14320,27648,1
14019,27648,1
14023,27648,1
14196,27684,1
16036,27710,1
17023,27710,1
16281,27710,1
14783,27770,1
15431,27770,1
14993,27770,1
15458,27770,1
14899,27770,1
19616,27810,1
20647,27894,1
14290,27913,1
17945,27950,1
17946,27950,1
19718,28175,1
20164,28265,1
20250,28332,1
20407,28332,1
14290,28402,1
19350,28441,1
19351,28441,1
18576,28441,1
16443,28441,1
14729,28542,1
18755,28542,1
14207,28542,1
15144,28542,1
15018,28542,1
18314,28745,1
20423,28745,1
20239,28811,1
14779,28811,1
15193,28974,1
15812,28974,1
15291,28974,1
14139,28974,1
16315,28974,1
16056,28974,1
14830,28974,1
17270,28974,1
14321,28974,1
14220,28974,1
15124,28974,1
19207,28974,1
15493,28974,1
14831,28974,1
14452,28974,1
15138,28974,1
16054,28974,1
15333,28974,1
15772,28974,1
14904,28974,1
14806,28974,1
16842,28974,1
15049,28977,1
14725,29034,1
15218,29034,1
15185,29089,1
15055,29089,1
15597,29118,1
20542,29118,1
20473,29118,1
14849,29118,1
15409,29118,1
18160,29161,1
15599,29194,1
15002,29194,1
15750,29194,1
14207,29194,1
14113,29361,1
15149,29361,1
14764,29361,1
14229,29361,1
14789,29361,1
14780,29361,1
14313,29361,1
17042,29646,1
15599,29646,1
14945,29646,1
14504,29646,1
17243,29854,1
14269,29854,1
15098,29854,1
14024,29854,1
14030,29854,1
14028,29854,1
15003,29854,1
14042,29854,1
14320,29854,1
14019,29854,1
17235,29854,1
14023,29854,1
19350,29854,1
19351,29854,1
18576,29854,1
16443,29854,1
16180,29854,1
14789,29863,1
14144,29865,1
15416,29865,1
14192,29865,1
14141,29865,1
14993,29865,1
14956,29865,1
15475,29865,1
15090,29865,1
14294,29865,1
14656,29865,1
15311,29865,1
14378,29865,1
20500,29946,1
15822,29955,1
15594,29993,1
15107,29993,1
14269,29993,1
14914,29993,1
14955,29993,1
14024,29993,1
14868,29993,1
14849,29993,1
14030,29993,1
14028,29993,1
15003,29993,1
14042,29993,1
14320,29993,1
15315,29993,1
14019,29993,1
14740,29993,1
14275,29993,1
17524,29993,1
15154,29993,1
14023,29993,1
15893,29993,1
15030,30039,1
15970,30039,1
20473,30039,1
15429,30039,1
14849,30039,1
19886,30039,1
15134,30039,1
15187,30039,1
14794,30039,1
14207,30039,1
14194,30075,1
14955,30075,1
14320,30075,1
14275,30075,1
17398,30483,1
14269,30602,1
14024,30602,1
14030,30602,1
14028,30602,1
15003,30602,1
14320,30602,1
14019,30602,1
14023,30602,1
20607,30612,1
14968,30664,1
15173,30664,1
14644,30664,1
14447,30664,1
15074,30664,1
17318,30664,1
16855,30664,1
15015,30664,1
14769,30669,1
15051,30669,1
20196,30669,1
20579,30669,1
14269,30813,1
14024,30813,1
14030,30813,1
14028,30813,1
15003,30813,1
14042,30813,1
14320,30813,1
14019,30813,1
17886,30813,1
14023,30813,1
14554,30816,1
16041,30816,1
14725,30829,1
15218,30829,1
20557,30905,1
15858,30905,1
18416,30937,1
15107,30990,1
14269,30990,1
14194,30990,1
14024,30990,1
14849,30990,1
14030,30990,1
14028,30990,1
14954,30990,1
15003,30990,1
14042,30990,1
14320,30990,1
14019,30990,1
14023,30990,1
20194,30990,1
14030,31008,1
14307,31137,1
17729,31137,1
17215,31137,1
17727,31137,1
17428,31137,1
17728,31137,1
14667,31137,1
15822,31144,1
14262,31176,1
14229,31176,1
20638,31298,1
15858,31384,1
15193,31408,1
15812,31408,1
15291,31408,1
14139,31408,1
16315,31408,1
16056,31408,1
14830,31408,1
17270,31408,1
14321,31408,1
14220,31408,1
15124,31408,1
19207,31408,1
15493,31408,1
14831,31408,1
14452,31408,1
15138,31408,1
16054,31408,1
15333,31408,1
15772,31408,1
14904,31408,1
14806,31408,1
16842,31408,1
15176,31487,1
14680,31502,1
20239,31502,1
20324,31502,1
15081,31524,1
14831,31524,1
14578,31541,1
16575,31745,1
16580,31745,1
16572,31745,1
20499,32012,1
16337,32012,1
14634,32012,1
15218,32132,1
14725,32132,1
14059,32194,1
14060,32194,1
14275,32194,1
18416,32202,1
14338,32202,1
15369,32227,1
15573,32249,1
15456,32249,1
14789,32256,1
14924,32272,1
14288,32283,1
14288,32284,1
14288,32290,1
16825,32296,1
14510,32296,1
14774,32296,1
20332,32296,1
14768,32296,1
20333,32296,1
20334,32296,1
15036,32307,1
14792,32307,1
16510,32307,1
14761,32307,1
14248,32469,1
14288,32473,1
20652,32483,1
14288,32484,1
14288,32494,1
14245,32494,1
14411,32520,1
15107,32531,1
14269,32531,1
20473,32531,1
14194,32531,1
14955,32531,1
14024,32531,1
14868,32531,1
14849,32531,1
14030,32531,1
14028,32531,1
15003,32531,1
14042,32531,1
14320,32531,1
14019,32531,1
14275,32531,1
16226,32531,1
17524,32531,1
14023,32531,1
15893,32531,1
14411,32531,1
16753,32531,1
15077,32531,1
15748,32531,1
15012,32531,1
14450,32531,1
15302,32593,1
15456,32601,1
14059,32622,1
14060,32622,1
14275,32622,1
15180,32626,1
15425,32626,1
15914,32626,1
15612,32631,1
15563,32631,1
17524,32636,1
14992,32651,1
14281,32651,1
15456,32651,1
15502,32651,1
15573,32651,1
20651,32680,1
18416,32692,1
15180,32710,1
14288,32710,1
20536,32710,1
15425,32710,1
20537,32710,1
14059,32719,1
14060,32719,1
14188,32729,1
15326,32729,1
15322,32729,1
14288,32729,1
15502,32734,1
15193,32759,1
15812,32759,1
15291,32759,1
14139,32759,1
16315,32759,1
16056,32759,1
14830,32759,1
17270,32759,1
14321,32759,1
14220,32759,1
15124,32759,1
19207,32759,1
15493,32759,1
14831,32759,1
14452,32759,1
15138,32759,1
16054,32759,1
15333,32759,1
15772,32759,1
14904,32759,1
14806,32759,1
16842,32759,1
14281,32764,1
15502,32764,1
20436,32778,1
14269,32815,1
14024,32815,1
14028,32815,1
15003,32815,1
14042,32815,1
14320,32815,1
14019,32815,1
15307,32815,1
15958,32827,1
14127,32847,1
15493,32847,1
14695,32847,1
15448,32847,1
15584,32847,1
16340,32875,1
15316,32875,1
14785,32875,1
14702,32875,1
14729,32875,1
15839,32875,1
15462,32875,1
15144,32875,1
14786,32875,1
15420,32875,1
14924,32875,1
15180,32879,1
20418,32879,1
18409,32879,1
15180,32918,1
20418,32918,1
20555,32918,1
18755,32918,1
17335,32924,1
15440,32930,1
14201,32959,1
15180,32959,1
14230,32959,1
15425,32959,1
20422,32959,1
15456,32959,1
16867,32959,1
15914,32959,1
14949,32959,1
14269,32967,1
14024,32967,1
14030,32967,1
14028,32967,1
15003,32967,1
14042,32967,1
14320,32967,1
14019,32967,1
14023,32967,1
15193,32974,1
15812,32974,1
15291,32974,1
14139,32974,1
16315,32974,1
16056,32974,1
14830,32974,1
17270,32974,1
14321,32974,1
14220,32974,1
15124,32974,1
19207,32974,1
15493,32974,1
14831,32974,1
14452,32974,1
15138,32974,1
16054,32974,1
15333,32974,1
15772,32974,1
14904,32974,1
14806,32974,1
16842,32974,1
14188,32999,1
15326,32999,1
15299,32999,1
14279,32999,1
15322,32999,1
14167,32999,1
14199,32999,1
16517,33064,1
14320,33064,1
16511,33064,1
14409,33068,1
15709,33068,1
14207,33089,1
14237,33127,1
14955,33188,1
14954,33188,1
14275,33188,1
20586,33188,1
15485,33210,1
15299,33210,1
14279,33210,1
14682,33210,1
14030,33210,1
14199,33210,1
14696,33210,1
14992,33216,1
14281,33216,1
15456,33216,1
15502,33216,1
15573,33216,1
14602,33216,1
18314,33225,1
20423,33225,1
15446,33225,1
14208,33232,1
14063,33249,1
16975,33249,1
14196,33276,1
15288,33294,1
15033,33294,1
14269,33294,1
14955,33294,1
14024,33294,1
14030,33294,1
15003,33294,1
14320,33294,1
14019,33294,1
14740,33294,1
14275,33294,1
16227,33294,1
15363,33294,1
14023,33294,1
15671,33294,1
15893,33294,1
14467,33294,1
14961,33299,1
14298,33299,1
15591,33299,1
15477,33299,1
14297,33299,1
15901,33299,1
14876,33316,1
15456,33316,1
18216,33316,1
14288,33329,1
20409,33329,1
15180,33332,1
18590,33332,1
15425,33332,1
15914,33332,1
14279,33334,1
15771,33334,1
14288,33347,1
14196,33398,1
15612,33450,1
15563,33450,1
15875,33451,1
16465,33451,1
14208,33453,1
14511,33459,1
17654,33464,1
14868,33464,1
14247,33494,1
17524,33510,1
20169,33512,1
16028,33520,1
14612,33520,1
14269,33534,1
14206,33534,1
14623,33534,1
14024,33534,1
14030,33534,1
14028,33534,1
15003,33534,1
14042,33534,1
14320,33534,1
14019,33534,1
18283,33534,1
14023,33534,1
14347,33534,1
15180,33542,1
15425,33542,1
19360,33555,1
15767,33654,1
14754,33654,1
15180,33654,1
14050,33654,1
16063,33654,1
14030,33654,1
14028,33654,1
15003,33654,1
14320,33654,1
14031,33654,1
14017,33654,1
20418,33654,1
14016,33654,1
20318,33654,1
14023,33654,1
15107,35650,1
14269,35650,1
20473,35650,1
14194,35650,1
14955,35650,1
14024,35650,1
14868,35650,1
14849,35650,1
14030,35650,1
14028,35650,1
15003,35650,1
14042,35650,1
14320,35650,1
14019,35650,1
14275,35650,1
16226,35650,1
17524,35650,1
14023,35650,1
15893,35650,1
17524,35701,1
16818,35732,1
16510,35732,1
14761,35732,1
14754,35988,1
14050,35988,1
16063,35988,1
14030,35988,1
14028,35988,1
15003,35988,1
14320,35988,1
14017,35988,1
14016,35988,1
20318,35988,1
18165,36078,1
15205,36078,1
17893,36078,1
14986,36112,1
15142,36112,1
20627,36112,1
14955,36425,1
14024,36425,1
14320,36425,1
14275,36425,1
17524,36425,1
15893,36425,1
14954,36425,1
15107,36458,1
14269,36458,1
20473,36458,1
14194,36458,1
14955,36458,1
14024,36458,1
14868,36458,1
14849,36458,1
14030,36458,1
14028,36458,1
15003,36458,1
14042,36458,1
14320,36458,1
14019,36458,1
14275,36458,1
16226,36458,1
17524,36458,1
14023,36458,1
15893,36458,1
17282,36514,1
15413,36527,1
15036,36527,1
20434,36527,1
14868,36527,1
14875,36527,1
14737,36527,1
14604,36527,1
14792,36527,1
15057,36527,1
20509,36527,1
14275,36527,1
14186,36527,1
20212,36527,1
15134,36527,1
15481,36527,1
14612,36527,1
15107,36527,1
20156,36527,1
20541,36527,1
14471,36638,1
15597,36825,1
20542,36825,1
20473,36825,1
14849,36825,1
15409,36825,1
17042,37115,1
15599,37115,1
14945,37115,1
15413,37150,1
15036,37150,1
20434,37150,1
14868,37150,1
14875,37150,1
14737,37150,1
14792,37150,1
15057,37150,1
20509,37150,1
14275,37150,1
14186,37150,1
20212,37150,1
15134,37150,1
15481,37150,1
14612,37150,1
17524,37184,1
14030,37548,1
14207,37613,1
14201,37640,1
15180,37640,1
14288,37640,1
14230,37640,1
15425,37640,1
20422,37640,1
15456,37640,1
16867,37640,1
14936,37640,1
15914,37640,1
14059,37668,1
14060,37668,1
14275,37668,1
14844,37870,1
15450,37870,1
20569,37870,1
15413,37967,1
15036,37967,1
20434,37967,1
14868,37967,1
14875,37967,1
14737,37967,1
14792,37967,1
15057,37967,1
20509,37967,1
14275,37967,1
14186,37967,1
20212,37967,1
15134,37967,1
15481,37967,1
14612,37967,1
14269,38513,1
14024,38513,1
14030,38513,1
14028,38513,1
15003,38513,1
14042,38513,1
14320,38513,1
14019,38513,1
14023,38513,1
14269,38515,1
14024,38515,1
14030,38515,1
14028,38515,1
15003,38515,1
14320,38515,1
14019,38515,1
14023,38515,1
18416,38736,1
14924,38889,1
18160,39170,1
15018,39171,1
15107,39208,1
14269,39208,1
14194,39208,1
14024,39208,1
14849,39208,1
14030,39208,1
14028,39208,1
14954,39208,1
15003,39208,1
14042,39208,1
14320,39208,1
14019,39208,1
15303,39208,1
14023,39208,1
20194,39208,1
15064,39208,1
14020,39208,1
15486,39208,1
14021,39208,1
15500,39208,1
14941,39208,1
15206,39208,1
17776,39208,1
14033,39208,1
15583,39208,1
14026,39208,1
17533,39208,1
15428,39208,1
14029,39208,1
18959,39208,1
15009,39208,1
17524,39297,1
14584,39455,1
19197,39455,1
14729,39498,1
18755,39498,1
14207,39498,1
15144,39498,1
15018,39498,1
14288,39632,1
20409,39632,1
14936,39632,1
15307,39753,1
14208,83765,1
15450,83771,1
15307,83771,1
17243,83772,1
14269,83772,1
15098,83772,1
14024,83772,1
14030,83772,1
14028,83772,1
15003,83772,1
14042,83772,1
14320,83772,1
14019,83772,1
17235,83772,1
14023,83772,1
17243,83773,1
14269,83773,1
15098,83773,1
14024,83773,1
14030,83773,1
14028,83773,1
15003,83773,1
14042,83773,1
14320,83773,1
14019,83773,1
17235,83773,1
14023,83773,1
15107,83785,1
14269,83785,1
14194,83785,1
14024,83785,1
14849,83785,1
14030,83785,1
14028,83785,1
14954,83785,1
15003,83785,1
14042,83785,1
14320,83785,1
14019,83785,1
14023,83785,1
20194,83785,1
15594,83794,1
15107,83794,1
14269,83794,1
14914,83794,1
14955,83794,1
14024,83794,1
14868,83794,1
14849,83794,1
14030,83794,1
14028,83794,1
15003,83794,1
14042,83794,1
14320,83794,1
15315,83794,1
14019,83794,1
14740,83794,1
14275,83794,1
17524,83794,1
15154,83794,1
14023,83794,1
15893,83794,1
15288,83798,1
19250,83798,1
15804,83798,1
16559,83798,1
20336,83826,1
17524,83826,1
14511,83838,1
16495,83853,1
14791,83853,1
15149,83853,1
15412,83853,1
15414,83853,1
14713,83853,1
14275,83853,1
17545,83853,1
14789,83853,1
14628,83853,1
14780,83853,1
15739,83853,1
15263,83853,1
14463,83853,1
15018,83853,1
14663,83853,1
14461,83853,1
16495,83855,1
14791,83855,1
15149,83855,1
15412,83855,1
15414,83855,1
14713,83855,1
14275,83855,1
17545,83855,1
14789,83855,1
14628,83855,1
14780,83855,1
15739,83855,1
15263,83855,1
14463,83855,1
15018,83855,1
14663,83855,1
14461,83855,1
16495,83857,1
14791,83857,1
15149,83857,1
15412,83857,1
15414,83857,1
14713,83857,1
14275,83857,1
17545,83857,1
14789,83857,1
14628,83857,1
14780,83857,1
15739,83857,1
15263,83857,1
14463,83857,1
15018,83857,1
14663,83857,1
14461,83857,1
16495,83862,1
14791,83862,1
15149,83862,1
15412,83862,1
15414,83862,1
14713,83862,1
14275,83862,1
17545,83862,1
14789,83862,1
14628,83862,1
14780,83862,1
15739,83862,1
15263,83862,1
14463,83862,1
15018,83862,1
14663,83862,1
14461,83862,1
16036,83867,1
16281,83867,1
17042,83869,1
15599,83869,1
14945,83869,1
17042,83870,1
15599,83870,1
14945,83870,1
20552,83899,1
14190,83899,1
14516,83899,1
14758,83899,1
14793,83899,1
18195,83899,1
14318,84003,1
14167,84003,1
14201,84076,1
14279,84076,1
15180,84076,1
14230,84076,1
15425,84076,1
20422,84076,1
20318,84076,1
15456,84076,1
15771,84076,1
16867,84076,1
14936,84076,1
15914,84076,1
14201,84077,1
15180,84077,1
14230,84077,1
15425,84077,1
20422,84077,1
15456,84077,1
16867,84077,1
15914,84077,1
14201,84081,1
15180,84081,1
14230,84081,1
15425,84081,1
20422,84081,1
15456,84081,1
16867,84081,1
15914,84081,1
14030,84096,1
14023,84096,1
14281,84113,1
20250,84139,1
20407,84139,1
17524,84147,1
17524,84151,1
17524,84153,1
14955,84160,1
14024,84160,1
14320,84160,1
14275,84160,1
17524,84160,1
15893,84160,1
14288,84178,1
20409,84178,1
17023,84193,1
14196,84235,1
14196,84239,1
20630,84243,1
16510,84243,1
18406,84289,1
17524,84303,1
14313,84319,1
14014,30813,0
14017,27292,0
14017,28811,0
14017,27286,0
14018,30813,0
14019,32132,0
14019,83765,0
14019,33453,0
14019,33232,0
14019,32719,0
14019,83771,0
14019,32980,0
14019,28754,0
14019,27830,0
14019,33476,0
14019,38323,0
14019,31218,0
14020,83765,0
14020,33453,0
14020,33232,0
14020,30813,0
14020,32980,0
14021,30813,0
14021,32980,0
14023,32132,0
14023,83765,0
14023,33453,0
14023,33232,0
14023,32719,0
14023,83771,0
14023,32980,0
14024,32132,0
14024,83765,0
14024,33453,0
14024,33232,0
14024,32719,0
14024,83771,0
14025,30813,0
14026,83765,0
14026,33453,0
14026,33232,0
14026,32980,0
14028,83765,0
14028,33453,0
14028,33232,0
14028,32719,0
14028,32980,0
14029,30813,0
14029,32980,0
14030,32132,0
14030,83765,0
14030,33453,0
14030,33232,0
14030,32719,0
14030,83771,0
14030,27292,0
14030,28811,0
14030,27286,0
14030,32980,0
14032,30813,0
14033,83765,0
14033,33453,0
14033,33232,0
14034,32132,0
14034,83765,0
14034,33453,0
14034,33232,0
14034,30813,0
14034,32719,0
14034,83771,0
14036,30813,0
14038,30813,0
14042,83765,0
14042,33453,0
14042,33232,0
14042,32719,0
14042,32980,0
14050,27292,0
14050,28811,0
14050,27286,0
14052,32967,0
14052,29946,0
14052,31502,0
14053,29946,0
14053,31502,0
14058,32719,0
14058,33534,0
14058,36527,0
14058,37967,0
14058,37150,0
14058,32394,0
14058,33064,0
14058,29646,0
14059,83765,0
14059,33453,0
14059,33232,0
14059,30813,0
14059,38515,0
14059,30602,0
14059,27648,0
14059,38513,0
14060,83765,0
14060,33453,0
14060,33232,0
14060,30813,0
14060,38515,0
14060,30602,0
14060,27648,0
14060,38513,0
14111,30990,0
14111,39208,0
14111,83785,0
14127,32719,0
14128,33534,0
14128,32967,0
14128,29946,0
14128,31502,0
14128,28042,0
14128,30612,0
14131,31502,0
14131,30612,0
14132,33534,0
14132,32928,0
14132,31502,0
14132,30813,0
14132,38515,0
14132,30602,0
14132,27648,0
14132,38513,0
14132,83867,0
14132,30612,0
14136,33459,0
14136,83838,0
14136,30669,0
14137,32313,0
14137,27292,0
14137,28811,0
14137,27286,0
14137,32841,0
14137,32778,0
14138,32299,0
14139,32841,0
14139,32778,0
14139,32999,0
14140,31524,0
14140,33454,0
14140,27740,0
14140,30879,0
14140,30184,0
14140,83909,0
14141,33534,0
14141,32313,0
14141,27740,0
14141,30879,0
14141,30184,0
14141,83909,0
14142,33534,0
14143,32719,0
14143,29118,0
14143,36825,0
14143,36123,0
14148,31524,0
14148,83894,0
14149,33534,0
14149,36527,0
14149,37967,0
14149,37150,0
14149,33064,0
14149,29646,0
14150,31524,0
14150,32719,0
14150,32313,0
14150,30813,0
14150,38515,0
14150,30602,0
14150,27648,0
14150,38513,0
14150,32841,0
14150,32778,0
14150,83894,0
14150,32076,0
14151,32719,0
14151,33534,0
14151,36527,0
14151,37967,0
14151,37150,0
14151,32394,0
14151,33064,0
14151,29646,0
14152,33534,0
14153,32132,0
14155,36836,0
14156,31524,0
14156,32313,0
14156,32778,0
14156,33454,0
14157,32719,0
14157,30813,0
14157,38515,0
14157,30602,0
14157,27648,0
14157,38513,0
14160,32719,0
14160,32778,0
14161,31524,0
14161,32778,0
14161,33454,0
14161,33091,0
14161,27740,0
14161,30879,0
14161,30184,0
14161,83909,0
14162,33534,0
14163,83772,0
14163,83773,0
14163,29854,0
14163,28441,0
14163,27503,0
14164,32313,0
14165,83765,0
14165,33453,0
14165,33232,0
14165,30813,0
14165,38515,0
14165,30602,0
14165,27648,0
14165,38513,0
14165,27292,0
14165,27494,0
14168,33534,0
14171,32719,0
14171,32313,0
14171,30813,0
14171,38515,0
14171,30602,0
14171,27648,0
14171,38513,0
14171,83867,0
14171,33454,0
14171,27740,0
14171,30879,0
14171,30184,0
14171,83909,0
14171,30664,0
14173,32778,0
14174,27390,0
14174,27726,0
14176,31524,0
14176,32778,0
14176,33454,0
14176,33091,0
14176,27740,0
14176,30879,0
14176,30184,0
14176,83909,0
14177,31524,0
14177,33454,0
14177,33091,0
14178,31524,0
14178,33454,0
14179,33064,0
14181,28745,0
14182,32719,0
14182,30813,0
14182,38515,0
14182,30602,0
14182,27648,0
14182,38513,0
14182,83867,0
14187,36836,0
14187,29646,0
14187,33063,0
14190,31257,0
14191,32928,0
14193,32719,0
14194,36836,0
14196,33534,0
14198,33534,0
14199,27292,0
14199,28811,0
14199,27286,0
14199,30813,0
14199,38515,0
14199,30602,0
14199,27648,0
14199,38513,0
14200,83772,0
14200,83773,0
14200,29854,0
14200,28441,0
14201,27292,0
14201,28811,0
14201,27286,0
14202,33534,0
14203,32719,0
14203,33534,0
14203,36527,0
14203,37967,0
14203,37150,0
14203,32394,0
14203,33064,0
14204,33534,0
14206,27292,0
14206,28811,0
14206,27286,0
14208,32719,0
14208,33534,0
14208,36527,0
14208,37967,0
14208,37150,0
14208,32394,0
14208,32313,0
14208,33064,0
14208,29646,0
14211,32719,0
14211,33534,0
14211,36527,0
14211,37967,0
14211,37150,0
14211,32394,0
14211,33064,0
14211,29646,0
14212,83772,0
14212,83773,0
14212,29854,0
14212,28441,0
14212,27503,0
14212,30669,0
14215,33534,0
14216,32719,0
14216,29118,0
14216,36825,0
14216,36123,0
14217,31524,0
14217,33534,0
14218,28745,0
14220,31524,0
14220,83894,0
14221,32719,0
14221,33534,0
14221,36527,0
14221,37967,0
14221,37150,0
14221,32394,0
14221,33064,0
14221,29646,0
14222,83765,0
14222,33453,0
14222,33232,0
14222,30813,0
14222,38515,0
14222,30602,0
14222,27648,0
14222,38513,0
14223,31524,0
14223,83894,0
14223,33454,0
14223,27740,0
14223,30879,0
14223,30184,0
14223,83909,0
14228,33459,0
14228,83838,0
14228,30669,0
14229,30813,0
14229,30990,0
14229,39208,0
14229,83785,0
14229,32980,0
14229,27740,0
14229,30879,0
14229,30184,0
14229,83909,0
14230,27292,0
14230,28811,0
14230,27286,0
14231,36836,0
14235,30813,0
14235,32719,0
14235,33534,0
14235,36527,0
14235,37967,0
14235,37150,0
14235,32394,0
14235,32313,0
14235,33064,0
14235,29646,0
14237,30813,0
14237,32980,0
14238,33091,0
14238,33302,0
14241,31524,0
14241,32778,0
14241,33454,0
14245,32313,0
14246,32313,0
14249,32719,0
14249,30813,0
14249,38515,0
14249,30602,0
14249,27648,0
14249,38513,0
14249,83867,0
14249,32841,0
14249,32778,0
14249,27503,0
14249,32076,0
14250,33534,0
14251,32942,0
14251,36425,0
14251,31519,0
14251,30222,0
14251,27980,0
14251,27452,0
14251,32562,0
14251,39099,0
14251,32319,0
14251,29333,0
14251,84332,0
14255,83772,0
14255,83773,0
14255,29854,0
14255,33534,0
14255,28441,0
14256,30813,0
14256,32967,0
14256,28042,0
14257,31524,0
14259,83765,0
14259,33453,0
14259,33232,0
14259,30813,0
14259,38515,0
14259,30602,0
14259,27648,0
14259,38513,0
14263,83765,0
14263,33453,0
14263,33232,0
14267,32928,0
14268,32719,0
14268,33534,0
14268,36527,0
14268,37967,0
14268,37150,0
14268,32394,0
14268,33064,0
14268,29646,0
14269,32132,0
14269,83765,0
14269,33453,0
14269,33232,0
14269,32719,0
14269,83771,0
14269,32980,0
14270,30813,0
14270,32719,0
14270,33534,0
14270,36527,0
14270,37967,0
14270,37150,0
14270,32394,0
14270,33064,0
14270,29646,0
14271,83772,0
14271,83773,0
14271,29854,0
14271,33534,0
14271,28441,0
14271,27740,0
14271,30879,0
14271,30184,0
14271,83909,0
14272,83765,0
14272,33453,0
14272,33232,0
14273,36425,0
14273,31637,0
14274,33534,0
14275,27292,0
14275,28811,0
14275,27286,0
14276,83772,0
14276,83773,0
14276,29854,0
14276,33534,0
14276,28441,0
14276,32928,0
14276,83969,0
14279,27292,0
14279,28811,0
14279,27286,0
14280,83765,0
14280,33453,0
14280,33232,0
14280,30813,0
14280,38515,0
14280,30602,0
14280,27648,0
14280,38513,0
14280,27292,0
14281,30813,0
14281,32980,0
14282,83772,0
14282,83773,0
14282,29854,0
14282,33534,0
14283,27740,0
14283,30879,0
14283,30184,0
14283,83909,0
14284,27740,0
14284,30879,0
14284,30184,0
14284,83909,0
14284,31144,0
14284,29955,0
14284,28745,0
14286,32928,0
14287,32719,0
14287,33534,0
14287,30813,0
14287,38515,0
14287,30602,0
14287,27648,0
14287,38513,0
14287,30612,0
14290,33654,0
14291,27503,0
14292,32778,0
14293,83765,0
14293,33453,0
14293,33232,0
14293,30813,0
14293,38515,0
14293,30602,0
14293,27648,0
14293,38513,0
14293,27292,0
14294,32313,0
14297,32719,0
14298,32719,0
14299,33454,0
14299,33091,0
14302,32719,0
14302,36836,0
14302,37548,0
14304,83765,0
14304,33453,0
14304,33232,0
14304,30813,0
14304,38515,0
14304,30602,0
14304,27648,0
14304,38513,0
14305,31524,0
14305,83894,0
14306,83765,0
14306,33453,0
14306,33232,0
14306,30813,0
14306,38515,0
14306,30602,0
14306,27648,0
14306,38513,0
14306,33464,0
14306,27292,0
14306,27494,0
14309,27740,0
14309,30879,0
14309,30184,0
14309,83909,0
14310,31524,0
14310,32313,0
14312,33459,0
14312,83838,0
14314,31524,0
14314,30813,0
14314,32719,0
14314,38515,0
14314,30602,0
14314,27648,0
14314,38513,0
14314,32778,0
14315,33459,0
14315,83838,0
14315,30669,0
14317,83772,0
14317,83773,0
14317,29854,0
14317,33534,0
14317,28441,0
14320,32132,0
14320,83765,0
14320,33453,0
14320,33232,0
14320,32719,0
14320,83771,0
14320,32980,0
14321,31524,0
14322,33459,0
14322,83838,0
14322,30669,0
14323,31524,0
14323,33454,0
14323,27740,0
14323,30879,0
14323,30184,0
14323,83909,0
14324,31144,0
14324,29955,0
14325,33459,0
14325,83838,0
14325,33188,0
14327,33534,0
14327,83969,0
14330,33534,0
14330,27740,0
14330,30879,0
14330,30184,0
14330,83909,0
14331,30664,0
14336,32719,0
14336,32313,0
14336,30813,0
14336,38515,0
14336,30602,0
14336,27648,0
14336,38513,0
14336,83867,0
14336,32841,0
14336,32778,0
14336,27503,0
14336,32076,0
14336,30274,0
14338,27740,0
14338,30879,0
14338,30184,0
14338,83909,0
14340,83867,0
14342,32313,0
14347,27292,0
14347,28811,0
14347,27286,0
14351,33454,0
14351,27740,0
14351,30879,0
14351,30184,0
14351,83909,0
14359,29946,0
14359,31502,0
14373,32719,0
14373,36836,0
14374,32719,0
14380,31524,0
14380,33454,0
14380,27740,0
14380,30879,0
14380,30184,0
14380,83909,0
14387,32719,0
14387,33534,0
14387,36527,0
14387,37967,0
14387,37150,0
14387,32394,0
14387,33064,0
14387,29646,0
14402,32719,0
14405,33654,0
14424,27292,0
14424,28811,0
14424,27286,0
14424,32841,0
14424,32778,0
14434,30813,0
14434,32980,0
14476,32719,0
14476,33534,0
14476,36527,0
14476,37967,0
14476,37150,0
14476,32394,0
14476,32313,0
14476,33064,0
14477,32719,0
14477,33534,0
14477,36527,0
14477,37967,0
14477,37150,0
14477,32394,0
14477,32313,0
14477,33064,0
14481,32719,0
14481,33534,0
14481,36527,0
14481,37967,0
14481,37150,0
14481,32394,0
14481,32313,0
14481,33064,0
14483,32719,0
14483,33534,0
14483,36527,0
14483,37967,0
14483,37150,0
14483,32394,0
14483,32313,0
14483,33064,0
14490,27292,0
14490,28811,0
14490,27286,0
14490,31502,0
14508,33534,0
14510,30094,0
14510,38047,0
14520,27292,0
14520,28811,0
14520,27286,0
14527,32719,0
14527,33534,0
14527,36527,0
14527,37967,0
14527,37150,0
14527,32394,0
14527,33064,0
14530,29646,0
14539,30664,0
14540,33454,0
14541,31524,0
14541,83894,0
14546,33454,0
14558,30813,0
14559,32967,0
14560,32967,0
14560,29946,0
14560,31502,0
14560,32841,0
14561,32967,0
14561,29946,0
14561,31502,0
14561,32841,0
14578,31144,0
14578,29955,0
14582,33534,0
14589,32778,0
14589,28042,0
14590,32313,0
14591,32967,0
14596,33091,0
14596,33302,0
14597,27292,0
14597,28811,0
14597,27286,0
14599,37613,0
14603,83765,0
14603,33453,0
14603,33232,0
14603,30813,0
14603,38515,0
14603,30602,0
14603,27648,0
14603,38513,0
14603,27292,0
14604,36836,0
14605,33534,0
14606,31524,0
14629,33534,0
14636,31524,0
14640,32719,0
14640,36836,0
14640,27740,0
14640,30879,0
14640,30184,0
14640,83909,0
14644,32313,0
14644,28588,0
14645,32967,0
14646,29946,0
14646,31502,0
14652,28042,0
14662,32967,0
14662,36836,0
14662,31519,0
14662,30222,0
14662,27980,0
14662,27452,0
14662,32562,0
14662,39099,0
14662,32319,0
14667,32967,0
14667,32841,0
14670,30813,0
14670,32719,0
14670,33534,0
14670,36527,0
14670,37967,0
14670,37150,0
14670,32394,0
14670,33064,0
14678,32967,0
14678,29946,0
14678,31502,0
14678,30612,0
14685,32719,0
14685,33534,0
14685,36527,0
14685,37967,0
14685,37150,0
14685,32394,0
14685,33064,0
14685,29646,0
14685,33512,0
14686,32719,0
14686,30813,0
14686,29924,0
14689,32967,0
14689,28042,0
14691,33534,0
14702,83899,0
14704,32967,0
14707,29946,0
14707,31502,0
14711,31144,0
14711,29955,0
14721,29946,0
14726,33534,0
14726,32967,0
14726,83867,0
14729,83899,0
14730,30813,0
14730,38515,0
14730,30602,0
14730,27648,0
14730,38513,0
14733,30813,0
14733,32719,0
14733,33534,0
14733,36527,0
14733,37967,0
14733,37150,0
14733,32394,0
14733,33064,0
14736,36836,0
14738,32319,0
14740,36836,0
14751,32967,0
14758,31257,0
14762,33534,0
14768,30094,0
14768,38047,0
14771,27452,0
14772,27292,0
14772,28811,0
14772,27286,0
14774,30094,0
14774,38047,0
14775,30813,0
14775,32980,0
14775,28754,0
14775,27830,0
14775,33476,0
14775,38323,0
14775,31218,0
14779,27740,0
14779,30879,0
14779,30184,0
14779,83909,0
14779,30511,0
14779,32099,0
14780,27740,0
14780,30879,0
14780,30184,0
14780,83909,0
14780,33063,0
14782,32967,0
14783,31524,0
14783,32719,0
14783,32313,0
14783,30813,0
14783,38515,0
14783,30602,0
14783,27648,0
14783,38513,0
14783,83867,0
14783,32841,0
14783,32778,0
14783,27503,0
14783,28042,0
14783,32076,0
14783,30612,0
14784,32719,0
14784,32313,0
14786,27503,0
14787,27292,0
14787,28811,0
14787,27286,0
14789,27503,0
14789,27740,0
14789,30879,0
14789,30184,0
14789,83909,0
14790,27292,0
14790,28811,0
14790,27286,0
14800,33534,0
14800,36527,0
14800,37967,0
14800,37150,0
14800,33064,0
14800,29646,0
14806,31524,0
14807,33654,0
14807,27559,0
14807,32609,0
14809,33534,0
14814,32719,0
14814,33534,0
14814,36527,0
14814,37967,0
14814,37150,0
14814,32394,0
14814,33064,0
14822,27292,0
14822,28811,0
14822,27286,0
14828,29390,0
14830,31524,0
14833,30612,0
14835,83772,0
14835,83773,0
14835,29854,0
14835,33534,0
14835,28441,0
14836,33534,0
14836,29854,0
14836,28441,0
14836,33225,0
14838,33459,0
14838,83838,0
14838,30669,0
14838,32719,0
14838,27704,0
14838,31262,0
14838,27375,0
14838,27805,0
14838,27762,0
14838,29368,0
14838,27586,0
14838,84273,0
14838,32408,0
14838,27733,0
14838,33487,0
14838,32448,0
14838,38381,0
14838,84275,0
14840,32841,0
14840,32778,0
14840,32999,0
14841,31524,0
14841,33454,0
14843,83899,0
14845,33534,0
14845,27740,0
14845,30879,0
14845,30184,0
14845,83909,0
14846,83772,0
14846,83773,0
14846,29854,0
14846,28441,0
14849,27740,0
14849,30879,0
14849,30184,0
14849,83909,0
14849,27710,0
14851,32076,0
14852,33534,0
14852,27740,0
14852,30879,0
14852,30184,0
14852,83909,0
14861,28610,0
14861,29484,0
14861,30038,0
14861,29999,0
14876,31218,0
14881,30813,0
14881,32719,0
14881,32313,0
14881,27292,0
14881,28811,0
14881,27286,0
14881,38515,0
14881,30602,0
14881,27648,0
14881,38513,0
14881,83867,0
14881,32841,0
14881,32778,0
14881,27503,0
14881,33454,0
14881,28042,0
14881,32076,0
14881,30664,0
14882,33091,0
14883,27292,0
14883,28811,0
14883,27286,0
14884,31524,0
14897,33302,0
14898,32719,0
14898,29946,0
14898,31502,0
14898,30813,0
14898,38515,0
14898,30602,0
14898,27648,0
14898,38513,0
14898,83867,0
14898,27503,0
14899,33091,0
14899,33302,0
14900,33091,0
14900,33302,0
14901,33302,0
14902,33302,0
14909,36836,0
14909,27292,0
14909,28811,0
14909,27286,0
14910,32928,0
14911,32828,0
14911,30511,0
14913,31524,0
14913,33454,0
14921,28042,0
14924,31524,0
14932,32967,0
14934,36425,0
14937,83894,0
14937,27684,0
14938,33534,0
14938,83969,0
14940,30813,0
14940,32719,0
14940,32980,0
14940,27559,0
14940,32609,0
14943,32719,0
14943,33534,0
14943,36527,0
14943,37967,0
14943,37150,0
14943,32394,0
14943,33064,0
14943,29646,0
14944,32719,0
14944,83772,0
14944,83773,0
14944,29854,0
14944,33534,0
14944,28441,0
14948,32076,0
14949,27740,0
14949,30879,0
14949,30184,0
14949,83909,0
14949,27950,0
14952,32719,0
14952,33454,0
14952,27740,0
14952,30879,0
14952,30184,0
14952,83909,0
14955,27530,0
14956,27740,0
14956,30879,0
14956,30184,0
14956,83909,0
14962,31524,0
14962,83894,0
14964,32942,0
14964,36425,0
14964,31519,0
14964,30222,0
14964,27980,0
14964,27452,0
14964,32562,0
14964,39099,0
14964,32319,0
14964,29978,0
14966,33299,0
14968,31524,0
14969,32928,0
14971,83894,0
14972,32719,0
14973,30813,0
14973,29457,0
14973,33179,0
14973,33555,0
14974,83894,0
14975,36836,0
14975,33210,0
14975,32942,0
14975,33510,0
14975,83826,0
14975,39297,0
14975,84147,0
14975,35701,0
14975,37184,0
14975,84151,0
14975,84153,0
14975,32636,0
14975,36425,0
14976,32313,0
14978,33654,0
14978,27494,0
14979,27740,0
14979,30879,0
14979,30184,0
14979,83909,0
14981,31524,0
14981,30813,0
14981,32719,0
14981,32778,0
14982,32313,0
14984,83772,0
14984,83773,0
14984,29854,0
14984,28441,0
14988,33454,0
14988,27740,0
14988,30879,0
14988,30184,0
14988,83909,0
14990,32719,0
14990,30813,0
14990,38515,0
14990,30602,0
14990,27648,0
14990,38513,0
14990,83867,0
14990,32841,0
14990,32778,0
14990,27503,0
14990,32076,0
14993,32719,0
14993,33534,0
14993,32967,0
14993,32313,0
14993,83867,0
14993,32841,0
14993,32778,0
14993,27740,0
14993,30879,0
14993,30184,0
14993,83909,0
14993,32076,0
14995,27503,0
14999,31524,0
14999,32719,0
14999,33454,0
14999,27740,0
14999,30879,0
14999,30184,0
14999,83909,0
15000,36836,0
15001,31524,0
15001,83894,0
15001,33454,0
15001,27740,0
15001,30879,0
15001,30184,0
15001,83909,0
15001,39455,0
15002,30813,0
15002,32719,0
15003,83765,0
15003,33453,0
15003,33232,0
15003,32719,0
15003,32980,0
15006,31524,0
15006,83894,0
15006,33454,0
15012,36836,0
15012,33510,0
15012,83826,0
15012,39297,0
15012,84147,0
15012,35701,0
15012,37184,0
15012,84151,0
15012,84153,0
15012,32636,0
15013,83765,0
15013,33453,0
15013,33232,0
15013,30813,0
15014,27684,0
15015,31524,0
15026,29646,0
15026,33512,0
15052,30664,0
15064,83765,0
15064,33453,0
15064,33232,0
15064,30813,0
15064,32980,0
15073,33454,0
15073,33091,0
15074,32313,0
15075,27390,0
15075,27726,0
15077,31524,0
15077,36836,0
15077,33063,0
15078,83867,0
15078,33091,0
15082,33454,0
15082,33091,0
15084,30813,0
15084,32980,0
15085,27292,0
15085,28811,0
15085,27286,0
15087,33454,0
15087,36836,0
15087,33091,0
15088,32719,0
15088,30813,0
15088,38515,0
15088,30602,0
15088,27648,0
15088,38513,0
15088,32778,0
15088,27559,0
15088,32609,0
15089,32719,0
15089,32313,0
15089,30813,0
15089,38515,0
15089,30602,0
15089,27648,0
15089,38513,0
15089,83867,0
15089,27503,0
15089,33454,0
15089,30664,0
15091,83867,0
15092,36836,0
15093,31524,0
15093,32778,0
15093,33454,0
15093,27740,0
15093,30879,0
15093,30184,0
15093,83909,0
15093,27559,0
15093,32609,0
15093,37613,0
15094,31524,0
15094,33091,0
15095,31524,0
15095,33534,0
15098,31524,0
15098,33454,0
15099,32313,0
15100,31524,0
15100,32841,0
15100,32778,0
15100,33454,0
15100,32076,0
15103,83772,0
15103,83773,0
15103,29854,0
15104,30813,0
15104,32719,0
15104,32313,0
15104,27292,0
15104,28811,0
15104,27286,0
15104,38515,0
15104,30602,0
15104,27648,0
15104,38513,0
15104,83867,0
15104,32841,0
15104,32778,0
15104,27503,0
15104,33454,0
15104,28042,0
15104,32076,0
15104,30664,0
15108,31524,0
15108,83894,0
15110,31524,0
15110,33454,0
15112,31524,0
15112,83867,0
15112,32778,0
15114,31524,0
15114,33454,0
15116,33454,0
15116,33091,0
15119,31524,0
15121,32719,0
15121,27740,0
15121,30879,0
15121,30184,0
15121,83909,0
15124,32841,0
15124,32778,0
15124,32999,0
15125,32778,0
15127,31524,0
15127,32778,0
15127,33454,0
15131,31524,0
15131,33454,0
15131,27740,0
15131,30879,0
15131,30184,0
15131,83909,0
15132,32719,0
15132,30813,0
15132,38515,0
15132,30602,0
15132,27648,0
15132,38513,0
15132,83867,0
15132,32841,0
15132,32778,0
15132,27503,0
15132,32076,0
15138,31524,0
15143,36836,0
15147,83867,0
15147,32841,0
15148,33454,0
15148,33091,0
15150,27740,0
15150,30879,0
15150,30184,0
15150,83909,0
15152,32719,0
15152,30813,0
15152,38515,0
15152,30602,0
15152,27648,0
15152,38513,0
15165,31524,0
15165,33454,0
15167,83867,0
15171,32719,0
15171,30813,0
15171,38515,0
15171,30602,0
15171,27648,0
15171,38513,0
15171,83867,0
15171,27503,0
15174,32313,0
15176,36836,0
15176,36425,0
15179,29946,0
15179,31502,0
15181,32313,0
15185,31524,0
15193,31524,0
15205,32719,0
15209,33454,0
15209,33091,0
15210,32719,0
15210,30813,0
15210,38515,0
15210,30602,0
15210,27648,0
15210,38513,0
15210,83867,0
15210,27503,0
15211,33454,0
15211,36836,0
15211,33091,0
15260,32719,0
15260,30813,0
15260,38515,0
15260,30602,0
15260,27648,0
15260,38513,0
15260,83867,0
15260,32841,0
15260,32778,0
15260,27503,0
15260,32076,0
15272,36836,0
15273,36836,0
15273,27292,0
15273,28811,0
15273,27286,0
15290,36836,0
15291,31524,0
15292,32778,0
15295,33534,0
15296,33534,0
15296,27740,0
15296,30879,0
15296,30184,0
15296,83909,0
15296,83969,0
15297,32313,0
15299,27292,0
15299,28811,0
15299,27286,0
15303,33534,0
15303,29457,0
15303,33179,0
15303,33555,0
15303,32596,0
15303,27569,0
15303,30388,0
15303,27450,0
15303,27582,0
15303,27408,0
15303,28299,0
15303,33060,0
15303,30734,0
15303,27292,0
15303,28811,0
15303,27286,0
15303,38905,0
15304,31524,0
15308,36836,0
15310,27292,0
15310,28811,0
15310,27286,0
15310,30664,0
15311,32313,0
15311,27740,0
15311,30879,0
15311,30184,0
15311,83909,0
15311,31519,0
15311,30222,0
15311,27980,0
15311,27452,0
15311,32562,0
15311,39099,0
15311,32319,0
15315,31637,0
15316,32967,0
15316,83899,0
15319,32313,0
15320,33091,0
15320,33302,0
15322,27740,0
15322,30879,0
15322,30184,0
15322,83909,0
15324,36836,0
15324,33210,0
15324,27740,0
15324,30879,0
15324,30184,0
15324,83909,0
15324,33216,0
15324,32651,0
15326,27740,0
15326,30879,0
15326,30184,0
15326,83909,0
15333,31524,0
15338,27740,0
15338,30879,0
15338,30184,0
15338,83909,0
15354,32928,0
15354,31637,0
15406,83867,0
15412,33512,0
15413,36836,0
15416,32313,0
15417,33512,0
15421,32313,0
15424,33512,0
15428,32719,0
15430,32313,0
15432,29333,0
15433,31524,0
15434,83969,0
15434,33451,0
15435,30813,0
15436,30274,0
15437,32719,0
15438,27292,0
15438,28811,0
15438,27286,0
15446,27684,0
15449,33534,0
15451,33534,0
15457,32313,0
15458,32313,0
15458,32841,0
15458,32778,0
15458,32076,0
15461,32520,0
15466,30813,0
15466,38515,0
15466,30602,0
15466,27648,0
15466,38513,0
15467,33064,0
15467,29646,0
15480,31524,0
15481,36836,0
15483,33654,0
15484,33454,0
15484,33091,0
15486,30813,0
15486,32980,0
15490,31524,0
15493,33512,0
15493,30274,0
15495,32313,0
15498,30274,0
15500,32132,0
15500,83765,0
15500,33453,0
15500,33232,0
15500,30813,0
15500,32719,0
15500,83771,0
15500,32980,0
15501,83765,0
15501,33453,0
15501,33232,0
15501,30813,0
15507,33064,0
15507,29646,0
15517,32313,0
15518,32313,0
15521,29946,0
15521,31502,0
15536,31524,0
15542,33091,0
15556,32719,0
15557,31524,0
15559,31524,0
15584,32719,0
15590,31524,0
15590,33454,0
15609,83772,0
15609,83773,0
15609,29854,0
15609,33534,0
15611,30664,0
15621,32719,0
15621,33534,0
15621,36527,0
15621,37967,0
15621,37150,0
15621,32394,0
15621,33064,0
15762,83772,0
15762,83773,0
15762,29854,0
15762,28441,0
15762,27503,0
15762,30669,0
15763,32967,0
15763,32313,0
15763,27292,0
15763,28811,0
15763,27286,0
15767,32719,0
15767,32313,0
15767,30813,0
15767,38515,0
15767,30602,0
15767,27648,0
15767,38513,0
15767,32841,0
15767,32778,0
15767,32076,0
15769,83772,0
15769,83773,0
15769,29854,0
15769,33534,0
15770,83765,0
15770,33453,0
15770,33232,0
15770,30813,0
15770,38515,0
15770,30602,0
15770,27648,0
15770,38513,0
15770,33464,0
15770,27292,0
15770,27494,0
15771,27292,0
15771,28811,0
15771,27286,0
15777,29646,0
15778,83765,0
15778,33453,0
15778,33232,0
15778,30813,0
15778,38515,0
15778,30602,0
15778,27648,0
15778,38513,0
15783,30813,0
15783,32719,0
15783,38515,0
15783,30602,0
15783,27648,0
15783,38513,0
15783,32980,0
15783,27503,0
15808,27292,0
15808,28811,0
15808,27286,0
15821,83969,0
15829,33654,0
15829,27494,0
15832,32719,0
15832,30813,0
15832,38515,0
15832,30602,0
15832,27648,0
15832,38513,0
15834,30813,0
15834,38515,0
15834,30602,0
15834,27648,0
15834,38513,0
15834,29457,0
15834,32719,0
15835,32313,0
15836,33534,0
15837,33534,0
15840,32719,0
15841,32719,0
15849,31524,0
15850,32296,0
15853,28745,0
15855,31524,0
15856,32719,0
15856,32928,0
15856,30813,0
15856,38515,0
15856,30602,0
15856,27648,0
15856,38513,0
15856,32778,0
15856,28610,0
15856,29484,0
15856,30038,0
15856,29999,0
15874,33512,0
15886,32967,0
15892,31502,0
15907,32967,0
15908,32967,0
15912,32967,0
15956,32313,0
15982,27292,0
15982,28811,0
15982,27286,0
16004,27292,0
16004,28811,0
16004,27286,0
16004,32841,0
16004,32778,0
16011,33454,0
16014,33454,0
16014,27740,0
16014,30879,0
16014,30184,0
16014,83909,0
16031,32967,0
16054,32841,0
16054,32778,0
16054,32999,0
16055,32313,0
16056,32841,0
16056,32778,0
16056,32076,0
16057,32313,0
16057,27292,0
16057,28811,0
16057,27286,0
16057,32841,0
16057,32778,0
16057,32076,0
16062,32719,0
16062,30813,0
16062,38515,0
16062,30602,0
16062,27648,0
16062,38513,0
16062,32841,0
16062,32778,0
16062,32076,0
16063,32313,0
16063,32841,0
16063,32778,0
16063,27503,0
16063,32076,0
16066,32719,0
16066,30813,0
16066,38515,0
16066,30602,0
16066,27648,0
16066,38513,0
16066,83867,0
16066,32841,0
16066,32778,0
16066,27503,0
16066,32076,0
16068,31408,0
16068,28974,0
16068,32759,0
16068,32974,0
16068,31524,0
16071,31524,0
16071,32841,0
16071,32778,0
16071,33454,0
16071,32076,0
16074,32778,0
16085,32967,0
16085,29946,0
16085,31502,0
16085,30813,0
16085,38515,0
16085,30602,0
16085,27648,0
16085,38513,0
16085,32841,0
16085,32778,0
16085,27503,0
16085,28042,0
16085,32076,0
16086,38047,0
16192,32967,0
16195,32967,0
16210,33534,0
16217,32967,0
16217,29390,0
16219,83894,0
16220,32296,0
16268,32719,0
16268,27740,0
16268,30879,0
16268,30184,0
16268,83909,0
16268,31144,0
16268,29955,0
16268,28745,0
16303,31524,0
16303,83894,0
16306,30813,0
16306,38515,0
16306,30602,0
16306,27648,0
16306,38513,0
16306,27503,0
16312,32313,0
16312,32841,0
16312,32778,0
16312,32076,0
16313,32841,0
16313,32778,0
16313,32076,0
16314,32313,0
16314,32841,0
16314,32778,0
16314,32076,0
16316,32778,0
16317,33454,0
16317,27740,0
16317,30879,0
16317,30184,0
16317,83909,0
16328,32967,0
16341,31502,0
16344,31502,0
16347,32967,0
16347,29946,0
16347,31502,0
16347,33064,0
16347,30612,0
16347,29646,0
16350,30813,0
16350,38515,0
16350,30602,0
16350,27648,0
16350,38513,0
16350,28042,0
16354,33534,0
16357,83867,0
16376,32719,0
16376,33534,0
16376,36527,0
16376,37967,0
16376,37150,0
16376,32394,0
16376,33064,0
16434,31524,0
16434,33454,0
16476,32313,0
16476,27292,0
16476,28811,0
16476,27286,0
16476,32841,0
16476,32778,0
16490,32719,0
16490,30813,0
16490,38515,0
16490,30602,0
16490,27648,0
16490,38513,0
16490,83867,0
16490,32841,0
16490,32778,0
16490,27503,0
16490,32076,0
16506,32719,0
16506,30813,0
16506,38515,0
16506,30602,0
16506,27648,0
16506,38513,0
16506,83867,0
16519,33654,0
16545,33654,0
16550,32719,0
16570,27559,0
16570,32609,0
16582,32967,0
16588,83765,0
16588,33453,0
16588,33232,0
16588,30813,0
16588,38515,0
16588,30602,0
16588,27648,0
16588,38513,0
16588,33464,0
16588,27292,0
16588,27494,0
16593,33064,0
16593,29646,0
16593,32930,0
16593,28591,0
16687,83772,0
16687,83773,0
16687,29854,0
16687,33534,0
16687,28441,0
16689,83772,0
16689,83773,0
16689,29854,0
16689,33534,0
16690,83772,0
16690,83773,0
16690,29854,0
16690,33534,0
16690,28441,0
16690,32928,0
16698,83772,0
16698,83773,0
16698,29854,0
16698,28441,0
16741,31502,0
16744,27292,0
16744,28811,0
16744,27286,0
16788,33534,0
16792,30813,0
16792,38515,0
16792,30602,0
16792,27648,0
16792,38513,0
16793,83772,0
16793,83773,0
16793,29854,0
16793,33534,0
16793,28441,0
16793,32928,0
16793,83969,0
16795,30813,0
16795,38515,0
16795,30602,0
16795,27648,0
16795,38513,0
16801,29946,0
16801,31502,0
16801,32778,0
16801,28042,0
16802,33534,0
16825,30094,0
16825,38047,0
16842,31524,0
16842,32313,0
16842,30664,0
16847,27452,0
16855,39455,0
17061,31502,0
17062,32719,0
17062,32313,0
17062,30813,0
17062,38515,0
17062,30602,0
17062,27648,0
17062,38513,0
17062,83867,0
17064,32719,0
17064,33534,0
17064,36527,0
17064,37967,0
17064,37150,0
17064,32394,0
17064,33064,0
17066,32313,0
17067,32313,0
17124,32967,0
17148,31524,0
17148,33534,0
17148,30274,0
17150,32719,0
17150,30813,0
17150,38515,0
17150,30602,0
17150,27648,0
17150,38513,0
17151,32719,0
17151,30813,0
17151,38515,0
17151,30602,0
17151,27648,0
17151,38513,0
17153,32999,0
17173,33654,0
17175,32841,0
17175,32778,0
17175,32076,0
17230,83867,0
17230,27503,0
17231,32719,0
17231,30813,0
17231,38515,0
17231,30602,0
17231,27648,0
17231,38513,0
17231,83867,0
17231,27503,0
17232,32719,0
17232,30813,0
17232,38515,0
17232,30602,0
17232,27648,0
17232,38513,0
17232,27503,0
17233,32719,0
17233,30813,0
17233,38515,0
17233,30602,0
17233,27648,0
17233,38513,0
17233,32841,0
17233,32778,0
17233,27503,0
17233,32076,0
17234,31524,0
17234,33454,0
17242,32719,0
17242,30813,0
17242,38515,0
17242,30602,0
17242,27648,0
17242,38513,0
17243,31524,0
17243,33454,0
17246,27503,0
17256,30813,0
17256,32719,0
17256,38515,0
17256,30602,0
17256,27648,0
17256,38513,0
17256,32980,0
17256,27503,0
17308,33534,0
17309,33512,0
17333,32967,0
17337,31524,0
17337,32778,0
17337,33454,0
17345,27292,0
17345,28811,0
17345,27286,0
17377,32942,0
17377,36425,0
17377,31519,0
17377,30222,0
17377,27980,0
17377,27452,0
17377,32562,0
17377,39099,0
17377,32319,0
17377,29978,0
17378,30813,0
17378,32719,0
17378,38515,0
17378,30602,0
17378,27648,0
17378,38513,0
17378,27503,0
17378,28042,0
17407,32967,0
17417,32942,0
17428,32841,0
17434,33654,0
17434,27494,0
17435,33654,0
17435,27494,0
17494,83765,0
17494,33453,0
17494,33232,0
17524,28332,0
17524,84139,0
17558,83772,0
17558,83773,0
17558,29854,0
17639,30612,0
17652,33654,0
17724,32719,0
17729,32967,0
17729,32841,0
17730,32841,0
17739,32967,0
17776,83765,0
17776,33453,0
17776,33232,0
17829,32719,0
17831,32719,0
17987,32967,0
17987,32841,0
17987,32778,0
17987,27503,0
17987,28042,0
17987,32076,0
17999,27740,0
17999,30879,0
17999,30184,0
17999,83909,0
18036,30813,0
18036,32980,0
18314,27292,0
18314,28811,0
18314,27286,0
18314,32841,0
18314,32778,0
19207,31524,0
19222,31524,0
19556,27292,0
19556,28811,0
19556,27286,0
19663,31137,0
19699,32296,0
19720,27292,0
19720,28811,0
19720,27286,0
20129,31524,0
20129,32719,0
20129,33534,0
20129,36527,0
20129,37967,0
20129,37150,0
20129,32394,0
20129,32313,0
20129,33064,0
20129,32841,0
20129,32778,0
20129,32076,0
20146,32967,0
20146,32313,0
20148,27503,0
20156,31637,0
20157,30813,0
20157,32719,0
20157,32313,0
20157,38515,0
20157,30602,0
20157,27648,0
20157,38513,0
20157,83867,0
20157,32841,0
20157,32778,0
20157,27503,0
20157,28042,0
20157,32076,0
20169,28042,0
20193,30813,0
20193,32719,0
20193,32980,0
20208,27253,0
20208,29238,0
20208,33201,0
20208,32277,0
20212,36836,0
20212,27740,0
20212,30879,0
20212,30184,0
20212,83909,0
20212,36123,0
20214,28042,0
20218,30813,0
20218,38515,0
20218,30602,0
20218,27648,0
20218,38513,0
20218,27503,0
20218,28042,0
20227,27740,0
20227,30879,0
20227,30184,0
20227,83909,0
20238,30813,0
20238,32980,0
20239,27740,0
20239,30879,0
20239,30184,0
20239,83909,0
20239,83969,0
20239,30511,0
20239,32099,0
20254,32778,0
20254,28042,0
20263,33654,0
20263,27740,0
20263,30879,0
20263,30184,0
20263,83909,0
20290,27292,0
20290,28811,0
20290,27286,0
20290,32841,0
20290,32778,0
20290,28610,0
20290,29484,0
20290,30038,0
20290,29999,0
20294,83867,0
20294,32841,0
20294,32778,0
20294,27503,0
20298,30813,0
20298,38515,0
20298,30602,0
20298,27648,0
20298,38513,0
20298,27503,0
20298,28042,0
20300,31524,0
20300,32841,0
20300,32778,0
20300,33454,0
20300,32076,0
20302,32719,0
20302,32313,0
20302,30813,0
20302,38515,0
20302,30602,0
20302,27648,0
20302,38513,0
20302,27503,0
20303,31524,0
20303,32719,0
20303,33534,0
20303,32967,0
20303,32313,0
20303,30813,0
20303,38515,0
20303,30602,0
20303,27648,0
20303,38513,0
20303,83867,0
20303,32841,0
20303,32778,0
20303,27503,0
20303,33091,0
20303,28042,0
20304,32719,0
20304,30813,0
20304,38515,0
20304,30602,0
20304,27648,0
20304,38513,0
20304,83867,0
20304,30612,0
20305,33512,0
20306,33534,0
20306,29946,0
20306,31502,0
20309,27559,0
20309,32609,0
20311,32967,0
20311,83867,0
20312,32841,0
20312,32778,0
20312,32076,0
20313,32778,0
20313,28042,0
20314,32778,0
20314,28042,0
20315,27559,0
20315,32609,0
20317,32778,0
20318,27292,0
20318,28811,0
20318,27286,0
20320,30612,0
20321,32313,0
20321,32841,0
20321,32778,0
20321,27503,0
20321,32076,0
20322,29946,0
20322,31502,0
20323,30813,0
20323,28042,0
20324,30813,0
20324,32719,0
20324,32980,0
20324,28754,0
20324,27830,0
20324,33476,0
20324,38323,0
20324,31218,0
20328,27292,0
20328,28811,0
20328,27286,0
20328,32841,0
20328,32778,0
20330,30813,0
20330,38515,0
20330,30602,0
20330,27648,0
20330,38513,0
20332,30094,0
20332,38047,0
20333,30094,0
20333,38047,0
20334,30094,0
20334,38047,0
20335,29946,0
20335,31502,0
20335,27292,0
20335,28811,0
20335,27286,0
20336,33210,0
20339,32313,0
20340,32719,0
20341,83969,0
20341,33451,0
20345,32928,0
20350,32313,0
20355,32719,0
20355,30813,0
20355,38515,0
20355,30602,0
20355,27648,0
20355,38513,0
20356,32719,0
20356,30813,0
20356,38515,0
20356,30602,0
20356,27648,0
20356,38513,0
20357,28042,0
20359,27292,0
20359,28811,0
20359,27286,0
20362,32967,0
20362,30813,0
20362,38515,0
20362,30602,0
20362,27648,0
20362,38513,0
20368,30813,0
20368,32980,0
20376,32967,0
20376,83899,0
20377,30813,0
20377,32980,0
20381,32967,0
20390,27292,0
20390,28811,0
20390,27286,0
20391,27292,0
20391,28811,0
20391,27286,0
20392,27292,0
20392,28811,0
20392,27286,0
20394,27292,0
20394,28811,0
20394,27286,0
20395,32967,0
20396,32967,0
20397,29946,0
20397,31502,0
20399,32967,0
20399,28042,0
20400,32967,0
20405,32967,0
20416,28745,0
20417,32967,0
20417,30813,0
20417,38515,0
20417,30602,0
20417,27648,0
20417,38513,0
20419,32967,0
20420,32967,0
20425,32967,0
20430,32967,0
20431,30813,0
20431,32980,0
20437,83765,0
20437,33453,0
20437,33232,0
20437,30813,0
20437,32980,0
20446,31502,0
20447,29946,0
20447,31502,0
20447,30612,0
20460,33459,0
20460,83838,0
20460,33451,0
20461,30612,0
20472,27286,0
20472,27292,0
20472,28811,0
20472,28234,0
20498,27292,0
20498,28811,0
20498,27286,0
20623,27286,0
20623,27292,0
20623,28811,0
20623,28234,0
20208,27253,0
14520,27286,0
16476,27286,0
15763,27286,0
20390,27286,0
14790,27286,0
20335,27286,0
14597,27286,0
14201,27286,0
20498,27286,0
14490,27286,0
20290,27286,0
15299,27286,0
14279,27286,0
14822,27286,0
15438,27286,0
14883,27286,0
15273,27286,0
18314,27286,0
14772,27286,0
15085,27286,0
14424,27286,0
14230,27286,0
15982,27286,0
14909,27286,0
19556,27286,0
14881,27286,0
15808,27286,0
14206,27286,0
14050,27286,0
14030,27286,0
14017,27286,0
15310,27286,0
20359,27286,0
14275,27286,0
20391,27286,0
20392,27286,0
14199,27286,0
20318,27286,0
19720,27286,0
16744,27286,0
14787,27286,0
20394,27286,0
15771,27286,0
15104,27286,0
14137,27286,0
16004,27286,0
14347,27286,0
17345,27286,0
16057,27286,0
20328,27286,0
20623,27286,0
20472,27286,0
15303,27286,0
14520,27292,0
16476,27292,0
15763,27292,0
20390,27292,0
14790,27292,0
20335,27292,0
14597,27292,0
14201,27292,0
20498,27292,0
14490,27292,0
20290,27292,0
15299,27292,0
14279,27292,0
14822,27292,0
15438,27292,0
14883,27292,0
15273,27292,0
18314,27292,0
14772,27292,0
15085,27292,0
14424,27292,0
14230,27292,0
15982,27292,0
14909,27292,0
19556,27292,0
14881,27292,0
15808,27292,0
14206,27292,0
14050,27292,0
14030,27292,0
14017,27292,0
15310,27292,0
20359,27292,0
14275,27292,0
20391,27292,0
20392,27292,0
14199,27292,0
20318,27292,0
19720,27292,0
16744,27292,0
14787,27292,0
20394,27292,0
15771,27292,0
15104,27292,0
14137,27292,0
16004,27292,0
14347,27292,0
17345,27292,0
16057,27292,0
20328,27292,0
14603,27292,0
15770,27292,0
16588,27292,0
14293,27292,0
14165,27292,0
14306,27292,0
14280,27292,0
20623,27292,0
20472,27292,0
15303,27292,0
14838,27375,0
14174,27390,0
15075,27390,0
15303,27408,0
15303,27450,0
16847,27452,0
14771,27452,0
14662,27452,0
14964,27452,0
15311,27452,0
17377,27452,0
14251,27452,0
15770,27494,0
16588,27494,0
15829,27494,0
14978,27494,0
17435,27494,0
14165,27494,0
14306,27494,0
17434,27494,0
20148,27503,0
20157,27503,0
20294,27503,0
15210,27503,0
14249,27503,0
17378,27503,0
15762,27503,0
20298,27503,0
16066,27503,0
16490,27503,0
17256,27503,0
15783,27503,0
14995,27503,0
17246,27503,0
16306,27503,0
20302,27503,0
15089,27503,0
16085,27503,0
20303,27503,0
20218,27503,0
14881,27503,0
14783,27503,0
14212,27503,0
16063,27503,0
17233,27503,0
17232,27503,0
17230,27503,0
14163,27503,0
14336,27503,0
14291,27503,0
15260,27503,0
14789,27503,0
14898,27503,0
20321,27503,0
14990,27503,0
17231,27503,0
15104,27503,0
15132,27503,0
15171,27503,0
14786,27503,0
17987,27503,0
14955,27530,0
16570,27559,0
15093,27559,0
14807,27559,0
15088,27559,0
20309,27559,0
20315,27559,0
14940,27559,0
15303,27569,0
15303,27582,0
14838,27586,0
20330,27648,0
14603,27648,0
15770,27648,0
20157,27648,0
15210,27648,0
14249,27648,0
17378,27648,0
15767,27648,0
20298,27648,0
16066,27648,0
16490,27648,0
17256,27648,0
15783,27648,0
16062,27648,0
15832,27648,0
16350,27648,0
17062,27648,0
16306,27648,0
20355,27648,0
20356,27648,0
17151,27648,0
20302,27648,0
15834,27648,0
15089,27648,0
14182,27648,0
15152,27648,0
16085,27648,0
20303,27648,0
14059,27648,0
20218,27648,0
16588,27648,0
20304,27648,0
14132,27648,0
14304,27648,0
15466,27648,0
14881,27648,0
14783,27648,0
14171,27648,0
14150,27648,0
16792,27648,0
14730,27648,0
14060,27648,0
17233,27648,0
17232,27648,0
14157,27648,0
14314,27648,0
15088,27648,0
16506,27648,0
20417,27648,0
14336,27648,0
14293,27648,0
15260,27648,0
17150,27648,0
15856,27648,0
14287,27648,0
14898,27648,0
14199,27648,0
14259,27648,0
14990,27648,0
17231,27648,0
20362,27648,0
15104,27648,0
15132,27648,0
15171,27648,0
14165,27648,0
16795,27648,0
17242,27648,0
15778,27648,0
14306,27648,0
14222,27648,0
14280,27648,0
15014,27684,0
15446,27684,0
14937,27684,0
14838,27704,0
14849,27710,0
14174,27726,0
15075,27726,0
14838,27733,0
14330,27740,0
15326,27740,0
20263,27740,0
15324,27740,0
16317,27740,0
15322,27740,0
14979,27740,0
14380,27740,0
14338,27740,0
15121,27740,0
14845,27740,0
15093,27740,0
14283,27740,0
14171,27740,0
14141,27740,0
14949,27740,0
15131,27740,0
14176,27740,0
15150,27740,0
14952,27740,0
20239,27740,0
14849,27740,0
14640,27740,0
14852,27740,0
14993,27740,0
14284,27740,0
14271,27740,0
20227,27740,0
16268,27740,0
14351,27740,0
14229,27740,0
14956,27740,0
14789,27740,0
14988,27740,0
17999,27740,0
15338,27740,0
14779,27740,0
20212,27740,0
14780,27740,0
14140,27740,0
15001,27740,0
14161,27740,0
14323,27740,0
15296,27740,0
15311,27740,0
16014,27740,0
14999,27740,0
14223,27740,0
14309,27740,0
14838,27762,0
14838,27805,0
14019,27830,0
14775,27830,0
20324,27830,0
14949,27950,0
14662,27980,0
14964,27980,0
15311,27980,0
17377,27980,0
14251,27980,0
20157,28042,0
17378,28042,0
20298,28042,0
20399,28042,0
16801,28042,0
16350,28042,0
20169,28042,0
16085,28042,0
20303,28042,0
14256,28042,0
20218,28042,0
20357,28042,0
14881,28042,0
14783,28042,0
14921,28042,0
14128,28042,0
14652,28042,0
20214,28042,0
20254,28042,0
14589,28042,0
20313,28042,0
20314,28042,0
14689,28042,0
15104,28042,0
20323,28042,0
17987,28042,0
20623,28234,0
20472,28234,0
15303,28299,0
17524,28332,0
16687,28441,0
14944,28441,0
15762,28441,0
14836,28441,0
14835,28441,0
14255,28441,0
14846,28441,0
16690,28441,0
16698,28441,0
14200,28441,0
14984,28441,0
14317,28441,0
16793,28441,0
14276,28441,0
14212,28441,0
14271,28441,0
14163,28441,0
14644,28588,0
16593,28591,0
20290,28610,0
14861,28610,0
15856,28610,0
14284,28745,0
16268,28745,0
20416,28745,0
14181,28745,0
15853,28745,0
14218,28745,0
14019,28754,0
14775,28754,0
20324,28754,0
14520,28811,0
16476,28811,0
15763,28811,0
20390,28811,0
14790,28811,0
20335,28811,0
14597,28811,0
14201,28811,0
20498,28811,0
14490,28811,0
20290,28811,0
15299,28811,0
14279,28811,0
14822,28811,0
15438,28811,0
14883,28811,0
15273,28811,0
18314,28811,0
14772,28811,0
15085,28811,0
14424,28811,0
14230,28811,0
15982,28811,0
14909,28811,0
19556,28811,0
14881,28811,0
15808,28811,0
14206,28811,0
14050,28811,0
14030,28811,0
14017,28811,0
15310,28811,0
20359,28811,0
14275,28811,0
20391,28811,0
20392,28811,0
14199,28811,0
20318,28811,0
19720,28811,0
16744,28811,0
14787,28811,0
20394,28811,0
15771,28811,0
15104,28811,0
14137,28811,0
16004,28811,0
14347,28811,0
17345,28811,0
16057,28811,0
20328,28811,0
20623,28811,0
20472,28811,0
15303,28811,0
16068,28974,0
14216,29118,0
14143,29118,0
20208,29238,0
15432,29333,0
14251,29333,0
14838,29368,0
14828,29390,0
16217,29390,0
14973,29457,0
15834,29457,0
15303,29457,0
20290,29484,0
14861,29484,0
15856,29484,0
14943,29646,0
15026,29646,0
14208,29646,0
14387,29646,0
14685,29646,0
14058,29646,0
15777,29646,0
14530,29646,0
15507,29646,0
14221,29646,0
14270,29646,0
14149,29646,0
14151,29646,0
14800,29646,0
14211,29646,0
14235,29646,0
14268,29646,0
15467,29646,0
14187,29646,0
16347,29646,0
16593,29646,0
16687,29854,0
14944,29854,0
15762,29854,0
14835,29854,0
14255,29854,0
14846,29854,0
16690,29854,0
16698,29854,0
14200,29854,0
14984,29854,0
14317,29854,0
16793,29854,0
14276,29854,0
14212,29854,0
14271,29854,0
14163,29854,0
15609,29854,0
17558,29854,0
14282,29854,0
15769,29854,0
15103,29854,0
16689,29854,0
14836,29854,0
14686,29924,0
15179,29946,0
14721,29946,0
20335,29946,0
20397,29946,0
16801,29946,0
14707,29946,0
16085,29946,0
14053,29946,0
14052,29946,0
14561,29946,0
14678,29946,0
14128,29946,0
14560,29946,0
20306,29946,0
15521,29946,0
14898,29946,0
16347,29946,0
20322,29946,0
14359,29946,0
14646,29946,0
20447,29946,0
14578,29955,0
14284,29955,0
14711,29955,0
16268,29955,0
14324,29955,0
14964,29978,0
17377,29978,0
20290,29999,0
14861,29999,0
15856,29999,0
20290,30038,0
14861,30038,0
15856,30038,0
16825,30094,0
14510,30094,0
14774,30094,0
20332,30094,0
14768,30094,0
20333,30094,0
20334,30094,0
14330,30184,0
15326,30184,0
20263,30184,0
15324,30184,0
16317,30184,0
15322,30184,0
14979,30184,0
14380,30184,0
14338,30184,0
15121,30184,0
14845,30184,0
15093,30184,0
14283,30184,0
14171,30184,0
14141,30184,0
14949,30184,0
15131,30184,0
14176,30184,0
15150,30184,0
14952,30184,0
20239,30184,0
14849,30184,0
14640,30184,0
14852,30184,0
14993,30184,0
14284,30184,0
14271,30184,0
20227,30184,0
16268,30184,0
14351,30184,0
14229,30184,0
14956,30184,0
14789,30184,0
14988,30184,0
17999,30184,0
15338,30184,0
14779,30184,0
20212,30184,0
14780,30184,0
14140,30184,0
15001,30184,0
14161,30184,0
14323,30184,0
15296,30184,0
15311,30184,0
16014,30184,0
14999,30184,0
14223,30184,0
14309,30184,0
14662,30222,0
14964,30222,0
15311,30222,0
17377,30222,0
14251,30222,0
15498,30274,0
14336,30274,0
15493,30274,0
17148,30274,0
15436,30274,0
15303,30388,0
20239,30511,0
14779,30511,0
14911,30511,0
20330,30602,0
14603,30602,0
15770,30602,0
20157,30602,0
15210,30602,0
14249,30602,0
17378,30602,0
15767,30602,0
20298,30602,0
16066,30602,0
16490,30602,0
17256,30602,0
15783,30602,0
16062,30602,0
15832,30602,0
16350,30602,0
17062,30602,0
16306,30602,0
20355,30602,0
20356,30602,0
17151,30602,0
20302,30602,0
15834,30602,0
15089,30602,0
14182,30602,0
15152,30602,0
16085,30602,0
20303,30602,0
14059,30602,0
20218,30602,0
16588,30602,0
20304,30602,0
14132,30602,0
14304,30602,0
15466,30602,0
14881,30602,0
14783,30602,0
14171,30602,0
14150,30602,0
16792,30602,0
14730,30602,0
14060,30602,0
17233,30602,0
17232,30602,0
14157,30602,0
14314,30602,0
15088,30602,0
16506,30602,0
20417,30602,0
14336,30602,0
14293,30602,0
15260,30602,0
17150,30602,0
15856,30602,0
14287,30602,0
14898,30602,0
14199,30602,0
14259,30602,0
14990,30602,0
17231,30602,0
20362,30602,0
15104,30602,0
15132,30602,0
15171,30602,0
14165,30602,0
16795,30602,0
17242,30602,0
15778,30602,0
14306,30602,0
14222,30602,0
14280,30602,0
14833,30612,0
20304,30612,0
14132,30612,0
14678,30612,0
14783,30612,0
14128,30612,0
14287,30612,0
16347,30612,0
20461,30612,0
17639,30612,0
20320,30612,0
14131,30612,0
20447,30612,0
15089,30664,0
14881,30664,0
14171,30664,0
15310,30664,0
15104,30664,0
14331,30664,0
14539,30664,0
15052,30664,0
16842,30664,0
15611,30664,0
15762,30669,0
14315,30669,0
14212,30669,0
14838,30669,0
14322,30669,0
14228,30669,0
14136,30669,0
15303,30734,0
20377,30813,0
20157,30813,0
17378,30813,0
20298,30813,0
14973,30813,0
15064,30813,0
20431,30813,0
17256,30813,0
15783,30813,0
14020,30813,0
16350,30813,0
15486,30813,0
14256,30813,0
20218,30813,0
14670,30813,0
14021,30813,0
16588,30813,0
14281,30813,0
15500,30813,0
15435,30813,0
14237,30813,0
14881,30813,0
14270,30813,0
15002,30813,0
14018,30813,0
14025,30813,0
14981,30813,0
20437,30813,0
14034,30813,0
14235,30813,0
15501,30813,0
14314,30813,0
14038,30813,0
15013,30813,0
14014,30813,0
14558,30813,0
14733,30813,0
14229,30813,0
14293,30813,0
14032,30813,0
15084,30813,0
14029,30813,0
18036,30813,0
20238,30813,0
20193,30813,0
14940,30813,0
14259,30813,0
20368,30813,0
14036,30813,0
15104,30813,0
14434,30813,0
14165,30813,0
20323,30813,0
14775,30813,0
20324,30813,0
14306,30813,0
14280,30813,0
14686,30813,0
20330,30813,0
14603,30813,0
15770,30813,0
15210,30813,0
14249,30813,0
15767,30813,0
16066,30813,0
16490,30813,0
16062,30813,0
15832,30813,0
17062,30813,0
16306,30813,0
20355,30813,0
20356,30813,0
17151,30813,0
20302,30813,0
15834,30813,0
15089,30813,0
14182,30813,0
15152,30813,0
16085,30813,0
20303,30813,0
14059,30813,0
20304,30813,0
14132,30813,0
14304,30813,0
15466,30813,0
14783,30813,0
14171,30813,0
14150,30813,0
16792,30813,0
14730,30813,0
14060,30813,0
17233,30813,0
17232,30813,0
14157,30813,0
15088,30813,0
16506,30813,0
20417,30813,0
14336,30813,0
15260,30813,0
17150,30813,0
15856,30813,0
14287,30813,0
14898,30813,0
14199,30813,0
14990,30813,0
17231,30813,0
20362,30813,0
15132,30813,0
15171,30813,0
16795,30813,0
17242,30813,0
15778,30813,0
14222,30813,0
14330,30879,0
15326,30879,0
20263,30879,0
15324,30879,0
16317,30879,0
15322,30879,0
14979,30879,0
14380,30879,0
14338,30879,0
15121,30879,0
14845,30879,0
15093,30879,0
14283,30879,0
14171,30879,0
14141,30879,0
14949,30879,0
15131,30879,0
14176,30879,0
15150,30879,0
14952,30879,0
20239,30879,0
14849,30879,0
14640,30879,0
14852,30879,0
14993,30879,0
14284,30879,0
14271,30879,0
20227,30879,0
16268,30879,0
14351,30879,0
14229,30879,0
14956,30879,0
14789,30879,0
14988,30879,0
17999,30879,0
15338,30879,0
14779,30879,0
20212,30879,0
14780,30879,0
14140,30879,0
15001,30879,0
14161,30879,0
14323,30879,0
15296,30879,0
15311,30879,0
16014,30879,0
14999,30879,0
14223,30879,0
14309,30879,0
14111,30990,0
14229,30990,0
19663,31137,0
14578,31144,0
14284,31144,0
14711,31144,0
16268,31144,0
14324,31144,0
14876,31218,0
14019,31218,0
14775,31218,0
20324,31218,0
14190,31257,0
14758,31257,0
14838,31262,0
16068,31408,0
15179,31502,0
20335,31502,0
20397,31502,0
16801,31502,0
14707,31502,0
16085,31502,0
16341,31502,0
14053,31502,0
14052,31502,0
14561,31502,0
14132,31502,0
14678,31502,0
14128,31502,0
14560,31502,0
20306,31502,0
15892,31502,0
16344,31502,0
20446,31502,0
15521,31502,0
14898,31502,0
16347,31502,0
20322,31502,0
14359,31502,0
14646,31502,0
14131,31502,0
20447,31502,0
14490,31502,0
17061,31502,0
16741,31502,0
14662,31519,0
14964,31519,0
15311,31519,0
17377,31519,0
14251,31519,0
15193,31524,0
15291,31524,0
15094,31524,0
20300,31524,0
17243,31524,0
14148,31524,0
15433,31524,0
14636,31524,0
14830,31524,0
16071,31524,0
15108,31524,0
20303,31524,0
15110,31524,0
16068,31524,0
15490,31524,0
14380,31524,0
16303,31524,0
15165,31524,0
15849,31524,0
14321,31524,0
19222,31524,0
14257,31524,0
15185,31524,0
15098,31524,0
15127,31524,0
15100,31524,0
20129,31524,0
14783,31524,0
14220,31524,0
15093,31524,0
14150,31524,0
15131,31524,0
14176,31524,0
17337,31524,0
14217,31524,0
14981,31524,0
14884,31524,0
15304,31524,0
14178,31524,0
15114,31524,0
14156,31524,0
14606,31524,0
15112,31524,0
14314,31524,0
14241,31524,0
15855,31524,0
15536,31524,0
15590,31524,0
14924,31524,0
17234,31524,0
15480,31524,0
19207,31524,0
16434,31524,0
15095,31524,0
14962,31524,0
15077,31524,0
17148,31524,0
15559,31524,0
14310,31524,0
14305,31524,0
15557,31524,0
15119,31524,0
14140,31524,0
15138,31524,0
14841,31524,0
15001,31524,0
15333,31524,0
15006,31524,0
14161,31524,0
14806,31524,0
14323,31524,0
14913,31524,0
14177,31524,0
14999,31524,0
14223,31524,0
14541,31524,0
16842,31524,0
14968,31524,0
15015,31524,0
20156,31637,0
15354,31637,0
14273,31637,0
15315,31637,0
20157,32076,0
14249,32076,0
15767,32076,0
16066,32076,0
16490,32076,0
20300,32076,0
16062,32076,0
16056,32076,0
16314,32076,0
16071,32076,0
16085,32076,0
16312,32076,0
14881,32076,0
15100,32076,0
20129,32076,0
14783,32076,0
14150,32076,0
14851,32076,0
16063,32076,0
14993,32076,0
17233,32076,0
17175,32076,0
14336,32076,0
16313,32076,0
14948,32076,0
20312,32076,0
15260,32076,0
20321,32076,0
14990,32076,0
15104,32076,0
15132,32076,0
15458,32076,0
16057,32076,0
17987,32076,0
20239,32099,0
14779,32099,0
14153,32132,0
14269,32132,0
15500,32132,0
14024,32132,0
14034,32132,0
14030,32132,0
14320,32132,0
14019,32132,0
14023,32132,0
20208,32277,0
15850,32296,0
19699,32296,0
16220,32296,0
14138,32299,0
14483,32313,0
16476,32313,0
15763,32313,0
20157,32313,0
15767,32313,0
15421,32313,0
15416,32313,0
15099,32313,0
17067,32313,0
17062,32313,0
16314,32313,0
20302,32313,0
15430,32313,0
15297,32313,0
15089,32313,0
20303,32313,0
16312,32313,0
20339,32313,0
15181,32313,0
14246,32313,0
14881,32313,0
14784,32313,0
20129,32313,0
14208,32313,0
14476,32313,0
14783,32313,0
14342,32313,0
17066,32313,0
14171,32313,0
14141,32313,0
14150,32313,0
20146,32313,0
15174,32313,0
16063,32313,0
14644,32313,0
14156,32313,0
14235,32313,0
14993,32313,0
15956,32313,0
14245,32313,0
15518,32313,0
14477,32313,0
14481,32313,0
15074,32313,0
15495,32313,0
14336,32313,0
15517,32313,0
14164,32313,0
14976,32313,0
15319,32313,0
15457,32313,0
14310,32313,0
14294,32313,0
14982,32313,0
20321,32313,0
14590,32313,0
15104,32313,0
16055,32313,0
14137,32313,0
15311,32313,0
20350,32313,0
15835,32313,0
15458,32313,0
16842,32313,0
16057,32313,0
14738,32319,0
14662,32319,0
14964,32319,0
15311,32319,0
17377,32319,0
14251,32319,0
14483,32394,0
14943,32394,0
14527,32394,0
14203,32394,0
14221,32394,0
14670,32394,0
15621,32394,0
20129,32394,0
14208,32394,0
14476,32394,0
14387,32394,0
14685,32394,0
14270,32394,0
17064,32394,0
14814,32394,0
14058,32394,0
14151,32394,0
14211,32394,0
14235,32394,0
14268,32394,0
14733,32394,0
14477,32394,0
14481,32394,0
16376,32394,0
14838,32408,0
14838,32448,0
15461,32520,0
14662,32562,0
14964,32562,0
15311,32562,0
17377,32562,0
14251,32562,0
15303,32596,0
16570,32609,0
15093,32609,0
14807,32609,0
15088,32609,0
20309,32609,0
20315,32609,0
14940,32609,0
14975,32636,0
15012,32636,0
15324,32651,0
14483,32719,0
14972,32719,0
20157,32719,0
17829,32719,0
14686,32719,0
15210,32719,0
14249,32719,0
17378,32719,0
14944,32719,0
15767,32719,0
16066,32719,0
16490,32719,0
14127,32719,0
14269,32719,0
17256,32719,0
15783,32719,0
14216,32719,0
16062,32719,0
14943,32719,0
15832,32719,0
17062,32719,0
15841,32719,0
20355,32719,0
20356,32719,0
17151,32719,0
20302,32719,0
14160,32719,0
15089,32719,0
14527,32719,0
14182,32719,0
15152,32719,0
14374,32719,0
14203,32719,0
20303,32719,0
14193,32719,0
14221,32719,0
14670,32719,0
14143,32719,0
15621,32719,0
20304,32719,0
15500,32719,0
15121,32719,0
14881,32719,0
14784,32719,0
20129,32719,0
14208,32719,0
14476,32719,0
14387,32719,0
14783,32719,0
14685,32719,0
14270,32719,0
17064,32719,0
14171,32719,0
14150,32719,0
14814,32719,0
14058,32719,0
15002,32719,0
17831,32719,0
14151,32719,0
20340,32719,0
14211,32719,0
14024,32719,0
14981,32719,0
14952,32719,0
14034,32719,0
14640,32719,0
17724,32719,0
14235,32719,0
14030,32719,0
14028,32719,0
14993,32719,0
15003,32719,0
14042,32719,0
14320,32719,0
17233,32719,0
17232,32719,0
14157,32719,0
14314,32719,0
15205,32719,0
14373,32719,0
16268,32719,0
15088,32719,0
14019,32719,0
16506,32719,0
14268,32719,0
14733,32719,0
14477,32719,0
14481,32719,0
14336,32719,0
14298,32719,0
15260,32719,0
17150,32719,0
14302,32719,0
15856,32719,0
14287,32719,0
15428,32719,0
16376,32719,0
14898,32719,0
14402,32719,0
20193,32719,0
14940,32719,0
14297,32719,0
14990,32719,0
17231,32719,0
15556,32719,0
15437,32719,0
15104,32719,0
15132,32719,0
15171,32719,0
14023,32719,0
17242,32719,0
20324,32719,0
14999,32719,0
15584,32719,0
15834,32719,0
16550,32719,0
14838,32719,0
15840,32719,0
16068,32759,0
16476,32778,0
20157,32778,0
20294,32778,0
14249,32778,0
15767,32778,0
16066,32778,0
16490,32778,0
14139,32778,0
15292,32778,0
20300,32778,0
16062,32778,0
16801,32778,0
16056,32778,0
16314,32778,0
14160,32778,0
20290,32778,0
16071,32778,0
16085,32778,0
20303,32778,0
16312,32778,0
18314,32778,0
14424,32778,0
14881,32778,0
15127,32778,0
15100,32778,0
20129,32778,0
14783,32778,0
15093,32778,0
14150,32778,0
14292,32778,0
14176,32778,0
17337,32778,0
15125,32778,0
14981,32778,0
14840,32778,0
15124,32778,0
16063,32778,0
14173,32778,0
14156,32778,0
14993,32778,0
17233,32778,0
15112,32778,0
14314,32778,0
14241,32778,0
15088,32778,0
17175,32778,0
14336,32778,0
16313,32778,0
20312,32778,0
16074,32778,0
15260,32778,0
20254,32778,0
14589,32778,0
20313,32778,0
20314,32778,0
15856,32778,0
16316,32778,0
20317,32778,0
16054,32778,0
20321,32778,0
14161,32778,0
14990,32778,0
15104,32778,0
14137,32778,0
15132,32778,0
16004,32778,0
15458,32778,0
16057,32778,0
17987,32778,0
20328,32778,0
14911,32828,0
16476,32841,0
20157,32841,0
20294,32841,0
14249,32841,0
15767,32841,0
16066,32841,0
16490,32841,0
14139,32841,0
20300,32841,0
15147,32841,0
16062,32841,0
16056,32841,0
16314,32841,0
20290,32841,0
16071,32841,0
16085,32841,0
20303,32841,0
16312,32841,0
14561,32841,0
17729,32841,0
18314,32841,0
14424,32841,0
14881,32841,0
15100,32841,0
20129,32841,0
14783,32841,0
14150,32841,0
14840,32841,0
15124,32841,0
16063,32841,0
14560,32841,0
14993,32841,0
17233,32841,0
17175,32841,0
14336,32841,0
16313,32841,0
20312,32841,0
17428,32841,0
15260,32841,0
16054,32841,0
20321,32841,0
14990,32841,0
15104,32841,0
14137,32841,0
15132,32841,0
16004,32841,0
17730,32841,0
15458,32841,0
14667,32841,0
16057,32841,0
17987,32841,0
20328,32841,0
14910,32928,0
16690,32928,0
14132,32928,0
16793,32928,0
14276,32928,0
14267,32928,0
15354,32928,0
14191,32928,0
20345,32928,0
15856,32928,0
14286,32928,0
14969,32928,0
16593,32930,0
14975,32942,0
17417,32942,0
14964,32942,0
17377,32942,0
14251,32942,0
15763,32967,0
20395,32967,0
17124,32967,0
20396,32967,0
17407,32967,0
20399,32967,0
20400,32967,0
14751,32967,0
15316,32967,0
15886,32967,0
16085,32967,0
15912,32967,0
17333,32967,0
14726,32967,0
15907,32967,0
20303,32967,0
14256,32967,0
14052,32967,0
14561,32967,0
17739,32967,0
17729,32967,0
16031,32967,0
14645,32967,0
20405,32967,0
16582,32967,0
14678,32967,0
14782,32967,0
16192,32967,0
15908,32967,0
16217,32967,0
16328,32967,0
14591,32967,0
20146,32967,0
14128,32967,0
14560,32967,0
14993,32967,0
14662,32967,0
16195,32967,0
20417,32967,0
14559,32967,0
20311,32967,0
20419,32967,0
20420,32967,0
14704,32967,0
20381,32967,0
14932,32967,0
20425,32967,0
16347,32967,0
20362,32967,0
20376,32967,0
14689,32967,0
14667,32967,0
20430,32967,0
17987,32967,0
16068,32974,0
20377,32980,0
15064,32980,0
20431,32980,0
14269,32980,0
17256,32980,0
15783,32980,0
14020,32980,0
15486,32980,0
14021,32980,0
14281,32980,0
15500,32980,0
14237,32980,0
20437,32980,0
14030,32980,0
14028,32980,0
15003,32980,0
14042,32980,0
14320,32980,0
14019,32980,0
14229,32980,0
15084,32980,0
14026,32980,0
14029,32980,0
18036,32980,0
20238,32980,0
20193,32980,0
14940,32980,0
20368,32980,0
14023,32980,0
14434,32980,0
14775,32980,0
20324,32980,0
17153,32999,0
14139,32999,0
14840,32999,0
15124,32999,0
16054,32999,0
15303,33060,0
14187,33063,0
15077,33063,0
14780,33063,0
14483,33064,0
14179,33064,0
14943,33064,0
14527,33064,0
15507,33064,0
14203,33064,0
14221,33064,0
14670,33064,0
15621,33064,0
20129,33064,0
14208,33064,0
14476,33064,0
14387,33064,0
14685,33064,0
14270,33064,0
17064,33064,0
14814,33064,0
14058,33064,0
14149,33064,0
14151,33064,0
14800,33064,0
14211,33064,0
14235,33064,0
14268,33064,0
14733,33064,0
14477,33064,0
14481,33064,0
15467,33064,0
16376,33064,0
16347,33064,0
16593,33064,0
15087,33091,0
15211,33091,0
15542,33091,0
15094,33091,0
14299,33091,0
20303,33091,0
15116,33091,0
15082,33091,0
14176,33091,0
15073,33091,0
15078,33091,0
14238,33091,0
14882,33091,0
15209,33091,0
15320,33091,0
14900,33091,0
14596,33091,0
14161,33091,0
15148,33091,0
14177,33091,0
15484,33091,0
14899,33091,0
14973,33179,0
15303,33179,0
14325,33188,0
20208,33201,0
20336,33210,0
15324,33210,0
14975,33210,0
15324,33216,0
14836,33225,0
14603,33232,0
15770,33232,0
14263,33232,0
15064,33232,0
14269,33232,0
14020,33232,0
14272,33232,0
14059,33232,0
16588,33232,0
14304,33232,0
15500,33232,0
14024,33232,0
20437,33232,0
14034,33232,0
14060,33232,0
14030,33232,0
14028,33232,0
15003,33232,0
14042,33232,0
14320,33232,0
15501,33232,0
17776,33232,0
14019,33232,0
15013,33232,0
14033,33232,0
14293,33232,0
17494,33232,0
14026,33232,0
14259,33232,0
14023,33232,0
14165,33232,0
15778,33232,0
14306,33232,0
14222,33232,0
14280,33232,0
14966,33299,0
14238,33302,0
15320,33302,0
14900,33302,0
14902,33302,0
14596,33302,0
14897,33302,0
14901,33302,0
14899,33302,0
20460,33451,0
20341,33451,0
15434,33451,0
14603,33453,0
15770,33453,0
14263,33453,0
15064,33453,0
14269,33453,0
14020,33453,0
14272,33453,0
14059,33453,0
16588,33453,0
14304,33453,0
15500,33453,0
14024,33453,0
20437,33453,0
14034,33453,0
14060,33453,0
14030,33453,0
14028,33453,0
15003,33453,0
14042,33453,0
14320,33453,0
15501,33453,0
17776,33453,0
14019,33453,0
15013,33453,0
14033,33453,0
14293,33453,0
17494,33453,0
14026,33453,0
14259,33453,0
14023,33453,0
14165,33453,0
15778,33453,0
14306,33453,0
14222,33453,0
14280,33453,0
15087,33454,0
15211,33454,0
20300,33454,0
17243,33454,0
14299,33454,0
15089,33454,0
16071,33454,0
16317,33454,0
15110,33454,0
14380,33454,0
15116,33454,0
15165,33454,0
15082,33454,0
14881,33454,0
15098,33454,0
15127,33454,0
15100,33454,0
15093,33454,0
14171,33454,0
15131,33454,0
14176,33454,0
17337,33454,0
15073,33454,0
14952,33454,0
14178,33454,0
15114,33454,0
14156,33454,0
14241,33454,0
15590,33454,0
14546,33454,0
17234,33454,0
14351,33454,0
16434,33454,0
14988,33454,0
16011,33454,0
15209,33454,0
14140,33454,0
14841,33454,0
15001,33454,0
14540,33454,0
15006,33454,0
14161,33454,0
14323,33454,0
15148,33454,0
15104,33454,0
14913,33454,0
14177,33454,0
16014,33454,0
14999,33454,0
15484,33454,0
14223,33454,0
20460,33459,0
14315,33459,0
14838,33459,0
14325,33459,0
14322,33459,0
14228,33459,0
14312,33459,0
14136,33459,0
15770,33464,0
16588,33464,0
14306,33464,0
14019,33476,0
14775,33476,0
20324,33476,0
14838,33487,0
14975,33510,0
15012,33510,0
15424,33512,0
15874,33512,0
15493,33512,0
17309,33512,0
15026,33512,0
14685,33512,0
15412,33512,0
20305,33512,0
15417,33512,0
16687,33534,0
14483,33534,0
14330,33534,0
14250,33534,0
14944,33534,0
14836,33534,0
14835,33534,0
14327,33534,0
14508,33534,0
14255,33534,0
14943,33534,0
15449,33534,0
15837,33534,0
14152,33534,0
16690,33534,0
14527,33534,0
14762,33534,0
14726,33534,0
14629,33534,0
14203,33534,0
20303,33534,0
14221,33534,0
14670,33534,0
15451,33534,0
15621,33534,0
14132,33534,0
14317,33534,0
14845,33534,0
16793,33534,0
14276,33534,0
20129,33534,0
14208,33534,0
14476,33534,0
14387,33534,0
14685,33534,0
14270,33534,0
17064,33534,0
14141,33534,0
14814,33534,0
14058,33534,0
14809,33534,0
17308,33534,0
14149,33534,0
14151,33534,0
14217,33534,0
14800,33534,0
14211,33534,0
14196,33534,0
14168,33534,0
14142,33534,0
14852,33534,0
14128,33534,0
14938,33534,0
14235,33534,0
14993,33534,0
14271,33534,0
20306,33534,0
14582,33534,0
14198,33534,0
15295,33534,0
14204,33534,0
14202,33534,0
14268,33534,0
14274,33534,0
14733,33534,0
14477,33534,0
14481,33534,0
15303,33534,0
14162,33534,0
15095,33534,0
14691,33534,0
17148,33534,0
15609,33534,0
14287,33534,0
16376,33534,0
14605,33534,0
15836,33534,0
14282,33534,0
15769,33534,0
16788,33534,0
16210,33534,0
16354,33534,0
15296,33534,0
16802,33534,0
14215,33534,0
16689,33534,0
14973,33555,0
15303,33555,0
17652,33654,0
14405,33654,0
20263,33654,0
14290,33654,0
16545,33654,0
15829,33654,0
17434,33654,0
14978,33654,0
16519,33654,0
17435,33654,0
15483,33654,0
17173,33654,0
14807,33654,0
14975,35701,0
15012,35701,0
14216,36123,0
14143,36123,0
20212,36123,0
14934,36425,0
14975,36425,0
14273,36425,0
15176,36425,0
14964,36425,0
17377,36425,0
14251,36425,0
14483,36527,0
14943,36527,0
14527,36527,0
14203,36527,0
14221,36527,0
14670,36527,0
15621,36527,0
20129,36527,0
14208,36527,0
14476,36527,0
14387,36527,0
14685,36527,0
14270,36527,0
17064,36527,0
14814,36527,0
14058,36527,0
14149,36527,0
14151,36527,0
14800,36527,0
14211,36527,0
14235,36527,0
14268,36527,0
14733,36527,0
14477,36527,0
14481,36527,0
16376,36527,0
14216,36825,0
14143,36825,0
14231,36836,0
15413,36836,0
15143,36836,0
15324,36836,0
15092,36836,0
15290,36836,0
15273,36836,0
15272,36836,0
14736,36836,0
14909,36836,0
14194,36836,0
14975,36836,0
14640,36836,0
14662,36836,0
14604,36836,0
14740,36836,0
15000,36836,0
14302,36836,0
14155,36836,0
14187,36836,0
15077,36836,0
15308,36836,0
15012,36836,0
15176,36836,0
20212,36836,0
15481,36836,0
15087,36836,0
15211,36836,0
14373,36836,0
14483,37150,0
14943,37150,0
14527,37150,0
14203,37150,0
14221,37150,0
14670,37150,0
15621,37150,0
20129,37150,0
14208,37150,0
14476,37150,0
14387,37150,0
14685,37150,0
14270,37150,0
17064,37150,0
14814,37150,0
14058,37150,0
14149,37150,0
14151,37150,0
14800,37150,0
14211,37150,0
14235,37150,0
14268,37150,0
14733,37150,0
14477,37150,0
14481,37150,0
16376,37150,0
14975,37184,0
15012,37184,0
14302,37548,0
15093,37613,0
14599,37613,0
14483,37967,0
14943,37967,0
14527,37967,0
14203,37967,0
14221,37967,0
14670,37967,0
15621,37967,0
20129,37967,0
14208,37967,0
14476,37967,0
14387,37967,0
14685,37967,0
14270,37967,0
17064,37967,0
14814,37967,0
14058,37967,0
14149,37967,0
14151,37967,0
14800,37967,0
14211,37967,0
14235,37967,0
14268,37967,0
14733,37967,0
14477,37967,0
14481,37967,0
16376,37967,0
16825,38047,0
14510,38047,0
14774,38047,0
20332,38047,0
14768,38047,0
20333,38047,0
20334,38047,0
16086,38047,0
14019,38323,0
14775,38323,0
20324,38323,0
14838,38381,0
20330,38513,0
14603,38513,0
15770,38513,0
20157,38513,0
15210,38513,0
14249,38513,0
17378,38513,0
15767,38513,0
20298,38513,0
16066,38513,0
16490,38513,0
17256,38513,0
15783,38513,0
16062,38513,0
15832,38513,0
16350,38513,0
17062,38513,0
16306,38513,0
20355,38513,0
20356,38513,0
17151,38513,0
20302,38513,0
15834,38513,0
15089,38513,0
14182,38513,0
15152,38513,0
16085,38513,0
20303,38513,0
14059,38513,0
20218,38513,0
16588,38513,0
20304,38513,0
14132,38513,0
14304,38513,0
15466,38513,0
14881,38513,0
14783,38513,0
14171,38513,0
14150,38513,0
16792,38513,0
14730,38513,0
14060,38513,0
17233,38513,0
17232,38513,0
14157,38513,0
14314,38513,0
15088,38513,0
16506,38513,0
20417,38513,0
14336,38513,0
14293,38513,0
15260,38513,0
17150,38513,0
15856,38513,0
14287,38513,0
14898,38513,0
14199,38513,0
14259,38513,0
14990,38513,0
17231,38513,0
20362,38513,0
15104,38513,0
15132,38513,0
15171,38513,0
14165,38513,0
16795,38513,0
17242,38513,0
15778,38513,0
14306,38513,0
14222,38513,0
14280,38513,0
20330,38515,0
14603,38515,0
15770,38515,0
20157,38515,0
15210,38515,0
14249,38515,0
17378,38515,0
15767,38515,0
20298,38515,0
16066,38515,0
16490,38515,0
17256,38515,0
15783,38515,0
16062,38515,0
15832,38515,0
16350,38515,0
17062,38515,0
16306,38515,0
20355,38515,0
20356,38515,0
17151,38515,0
20302,38515,0
15834,38515,0
15089,38515,0
14182,38515,0
15152,38515,0
16085,38515,0
20303,38515,0
14059,38515,0
20218,38515,0
16588,38515,0
20304,38515,0
14132,38515,0
14304,38515,0
15466,38515,0
14881,38515,0
14783,38515,0
14171,38515,0
14150,38515,0
16792,38515,0
14730,38515,0
14060,38515,0
17233,38515,0
17232,38515,0
14157,38515,0
14314,38515,0
15088,38515,0
16506,38515,0
20417,38515,0
14336,38515,0
14293,38515,0
15260,38515,0
17150,38515,0
15856,38515,0
14287,38515,0
14898,38515,0
14199,38515,0
14259,38515,0
14990,38515,0
17231,38515,0
20362,38515,0
15104,38515,0
15132,38515,0
15171,38515,0
14165,38515,0
16795,38515,0
17242,38515,0
15778,38515,0
14306,38515,0
14222,38515,0
14280,38515,0
15303,38905,0
14662,39099,0
14964,39099,0
15311,39099,0
17377,39099,0
14251,39099,0
14111,39208,0
14229,39208,0
14975,39297,0
15012,39297,0
15001,39455,0
16855,39455,0
14603,83765,0
15770,83765,0
14263,83765,0
15064,83765,0
14269,83765,0
14020,83765,0
14272,83765,0
14059,83765,0
16588,83765,0
14304,83765,0
15500,83765,0
14024,83765,0
20437,83765,0
14034,83765,0
14060,83765,0
14030,83765,0
14028,83765,0
15003,83765,0
14042,83765,0
14320,83765,0
15501,83765,0
17776,83765,0
14019,83765,0
15013,83765,0
14033,83765,0
14293,83765,0
17494,83765,0
14026,83765,0
14259,83765,0
14023,83765,0
14165,83765,0
15778,83765,0
14306,83765,0
14222,83765,0
14280,83765,0
14269,83771,0
15500,83771,0
14024,83771,0
14034,83771,0
14030,83771,0
14320,83771,0
14019,83771,0
14023,83771,0
16687,83772,0
14944,83772,0
15762,83772,0
14835,83772,0
14255,83772,0
14846,83772,0
16690,83772,0
16698,83772,0
14200,83772,0
14984,83772,0
14317,83772,0
16793,83772,0
14276,83772,0
14212,83772,0
14271,83772,0
14163,83772,0
15609,83772,0
17558,83772,0
14282,83772,0
15769,83772,0
15103,83772,0
16689,83772,0
16687,83773,0
14944,83773,0
15762,83773,0
14835,83773,0
14255,83773,0
14846,83773,0
16690,83773,0
16698,83773,0
14200,83773,0
14984,83773,0
14317,83773,0
16793,83773,0
14276,83773,0
14212,83773,0
14271,83773,0
14163,83773,0
15609,83773,0
17558,83773,0
14282,83773,0
15769,83773,0
15103,83773,0
16689,83773,0
14111,83785,0
14229,83785,0
14975,83826,0
15012,83826,0
20460,83838,0
14315,83838,0
14838,83838,0
14325,83838,0
14322,83838,0
14228,83838,0
14312,83838,0
14136,83838,0
15091,83867,0
20157,83867,0
20294,83867,0
15210,83867,0
14249,83867,0
16066,83867,0
16490,83867,0
15147,83867,0
17062,83867,0
15089,83867,0
14182,83867,0
14726,83867,0
20303,83867,0
20304,83867,0
14132,83867,0
15167,83867,0
14881,83867,0
14783,83867,0
14171,83867,0
16357,83867,0
14993,83867,0
15112,83867,0
17230,83867,0
16506,83867,0
14336,83867,0
20311,83867,0
15078,83867,0
15260,83867,0
14340,83867,0
14898,83867,0
14990,83867,0
17231,83867,0
15104,83867,0
15132,83867,0
15171,83867,0
15406,83867,0
14148,83894,0
16219,83894,0
15108,83894,0
16303,83894,0
14220,83894,0
14150,83894,0
14974,83894,0
14962,83894,0
14971,83894,0
14305,83894,0
15001,83894,0
14937,83894,0
15006,83894,0
14223,83894,0
14541,83894,0
14843,83899,0
15316,83899,0
14702,83899,0
14729,83899,0
20376,83899,0
14330,83909,0
15326,83909,0
20263,83909,0
15324,83909,0
16317,83909,0
15322,83909,0
14979,83909,0
14380,83909,0
14338,83909,0
15121,83909,0
14845,83909,0
15093,83909,0
14283,83909,0
14171,83909,0
14141,83909,0
14949,83909,0
15131,83909,0
14176,83909,0
15150,83909,0
14952,83909,0
20239,83909,0
14849,83909,0
14640,83909,0
14852,83909,0
14993,83909,0
14284,83909,0
14271,83909,0
20227,83909,0
16268,83909,0
14351,83909,0
14229,83909,0
14956,83909,0
14789,83909,0
14988,83909,0
17999,83909,0
15338,83909,0
14779,83909,0
20212,83909,0
14780,83909,0
14140,83909,0
15001,83909,0
14161,83909,0
14323,83909,0
15296,83909,0
15311,83909,0
16014,83909,0
14999,83909,0
14223,83909,0
14309,83909,0
15821,83969,0
14327,83969,0
16793,83969,0
14276,83969,0
20341,83969,0
20239,83969,0
14938,83969,0
15434,83969,0
15296,83969,0
17524,84139,0
14975,84147,0
15012,84147,0
14975,84151,0
15012,84151,0
14975,84153,0
15012,84153,0
14838,84273,0
14838,84275,0
14251,84332,0
