node_id,orphanet_id
13924_12592_14672_13460_12591_12536_30861_8146_8148_32846_13459_44329_14544_9805_49223_9804_14086_8147_13515_14029_12581_19019,666
11396_7422,494
9260_9261_9262_18149,354
8878,1842
14083_13288_12987_13287_13289_20729_14840_13290_11096_16462_15977,183669
9699,163696
14986_14987_10351_10953_13565_9213_12565_13248_12187_13499_14108_44325_54748_11325_9214_14985_9215_11584_12186_13566_14638,319462
12035,52054
10023,911
7099,85450
24541_13818,84064
9614_9613_17214_17685,28
11870,281139
11063,1808
7315,184
12345,263534
7447,493342
32914_12748_14030_14215_14193_13854_14123_12978_12088_32664_13174_9484_32757_32874_32637_14192_13979_12906_14465_13434_14909_32872_13525_14202_14750_14910_54843_13940_14211_14216_32924_12918_14378_14203_12979_12085_12571_14657_13435_11718_33204_16575_12087_12844,244
13843,314376
12203,424
11732,85169
10214_10215_10216_10210_10211_12531_10212_10213_19600,910
7207,1262
14848,488642
9577,2479
14555_54852_24548_14923_11937_19347,817
7794_9239_9223_13912_13961_7844_13946_14105_13910_14102_12880_14461_9482_30010_14107_13914_10635_14106_13911_12528_13926_13913_12988_14103_13915,52901
14502,319563
18959,612
7793,429
11108,3206
10803,79106
11275_8703_12274,2098
9806_12217_17195,2771
10547,1175
9520,20
12063,52056
11814_14087_15799,178355
12945_11691_12077_8780_11196_27694_11951_10459_11223_11632_14223_12790_12753_13715_7103_13264_13891_14181_4976_5145_11952,803
13141_15372,140957
9705,156
8045,2590
7366_42499_11593_10021_11904_17615_7365_11990_14903_15637_11140_2016_12965,140927
9681_14654_355,75840
11136,220436
9155,1897
14542_18940_12518_14587_14052_14983_14582_11600_14468_14586_14585_14588_14543_14590_14583_14581_14745_14939_9690_11088_44299_13620_9689_14584_11281_12157_14578_13883,590
44721,504523
9740,2673
12662_29141_10169_13935_11186_13788_10984_10168_11748_32841_10170_14001_10171_11195_11558_19501_16484_16485_12968,886
14338,477661
7841,1509
7039_7245_18975_21061_8075,93921
9816_11877_12679_14040_9817_12676_20848_8156_9818_12859_9815_19026_20645,2785
11335_7738,93360
14227,324561
13890,319160
8521,1412
10619_10358_20720,89936
30105_18116,570422
10121,3320
9151,3253
9294_13291_10598_13091_10362_9868_9295_9293_9290_9291_2413_2412,79201
14831,300382
11539_12237_15736_15739_15738_8070_12538_12240_14138_14326_14513_12239_9725_15737_18958,607
9288_9287,364
33005_33008_33009_33007_32693_32691_32692_9627,2065
8322,750
11456_13444_9728_14374_13916_14537_11752_14997_13718_11190_14158_13917_12680_13442_13302_19005,655
10674_9659_9660_9661_11093_9662_16316_16315_18937_18938_1586_19249_19302_17171_17172,79213
8211,2976
7204_14573_16085,2050
12127_13390_14144_12193_13161_9676_14977_30014_12248_14900_11787_14474_12652_12699_29136_11028_14788_11968_29133_11170_9683_11423_9675_14129_13162_13440_9677_14142_14782_13297_12034_15152_15151_16971,480682
10909_13829_13834_15797,178338
7094_10521_15008_21547_7538_8770_8772_14560_32717_14540_8771_7092_19507_15047_15048,88661
8174_14325_14324_8173_16471,2309
9652,423470
12556,91131
9926,2990
11604,85194
9609,2170
11481_10903_10929_44315_14705_15467_15337_15469,672985
8195,684
8702_10966_8701_19648,932
11760,93474
14080,500548
10604_10602_15720_15719_18660_15721_15715_15716_15717,448
32899_42490_13139,675767
9269_13612_54722_127,2623
12500_13739_19557,90280
10925,3424
9107,628
12892,300284
10870,609
33492_32702_32912_32791_14838_7617_54831_15452,1465
12465,83639
13118,240760
12160,85167
10977,53347
11124,168451
14497,453533
8934,1174
13183_14026_14614_13450_32811_14872_9758_10241_13807_10690_16293,215
7124,1071
9955,3021
10404,314978
11020,2786
12401,101068
11493_13590_13666_7160_19354,828
9196,999
21020_11725_9044,205
18816,480556
12433_14579_13326_12225_11755_14712_9962_11756_17842,3156
34109,544602
9810,2776
21093_13323_13719_13573_9032,1515
13234_42979_8223,681
8421,1968
7554_7551_7555_7550_14661_9181_18747_15551_19276_15550_17610_11869,304
9031,1513
12994,70594
11907,63446
44207_44208_9506,169142
12204,90044
13008,317430
14197,397964
13967_13950_13931_13952_18264_54549_30899_13942_13938_13948_8736_13949_13937_13945_13930_13933_11683_9959_13936_8745_8746_13932_8953_13951_14127_11101_8954_13939_13943_14070_11749_8747_13927_18910_18135_19234_20275,79189
7409,1547
14394_13217_32668_12529_32669_44309_12937_13216_13964_12938_12925_7110_14245_12924_60662_32670_44310_12939_15253_11636,124
7118,468666
7087_13900_16241,2131
19409,85193
8688,3466
9431,157215
8469,168443
10294,86788
7630,75327
11502_9101_18105,3463
13274_10761_10945_8378_12796_910_11272_13611_14692_10827_13175_44314_32604_33563_13469_13468_13052_14618_14687_14871_12943_54708_13402_14400_12363_10259_19200_13610_12523_14323_13780_8377_13437_44320_13425_10723_30071_11935_13413_12625_13414_13436_13314_12477_10320_13516_13395_11630_14653_14256_13407_13263_32689_11075_14093_10818_12463_10227_8379_13328_14345_32834_11137_14929_32940_13315_13447_10828_13405_13429_11974_12024_12367_15013_36482_10806_13312_32577_12813_10374_11259,791
24522_54765_13502_15301,137807
9254,349
9612,27
9664,2576
10026,3163
10541,391327
7804,672
7045,1786
8513_11984_21651_12447,93403
13456,319651
7935,75381
14423,317425
11219,99672
11274,53271
12033,75374
9387,309015
14191_12762_11484_13966_13529_17990,3286
32778_8823_100218_60486_15168,1037
9235,363989
11026_11218_14011_33091_11680_14009_9441_15018_12847_11485_33092_9439_14010_13495_9443_17265,281097
14209,352654
14143_11531_14693_13186_8104_12371_14691_13379_12690_32786_12547_32839_33669_18997,648
31332_100326_31009,849
14866_12012_33850_11890_11687_12014_13758_11569_13753_10550_12640_11903_8961_14154_10877_10699_32728_7790_11527_14665_11633_12231_13644_11066_11091_11916_14735_14467_11085_11889_12096_11570_11894_10949_36484_14733_14117_14012_10549_10551_14736_11113_7311_11534_11901_10995_13338_14208_14726_13212_7307_14074_12250_11902_14566_14511_10479_7309_10689_11475_14836_54833_11674_13959_11909_7308_11675_19011_18993_15626_18995_18994_18778_44640,101097
13113_15177,1040
7604,1988
9354,2169
11266_8056_16107,206647
11038,1171
13316,247834
9933,2414
8116,270
9724,2613
9873,2892
10028,3166
10959,2460
13007,317428
10684,25980
11482_14396_11702_11003_14100_13479_11400_12808_11095_13848_13261_12745_12704_13371_32592_12744_7269_11840_13168_10951_12362_13373_12667_12062_13147_10542_11541_13339_14073_12746_14095_13262_11094_5021_11425_11567_12364_13030_13198_13211_5200,300751
10883,2835
14414,438159
9458,1830
10841_8671_13201_12698_13202_12144_10192_7862_8670_19517_18094_11697,3440
12330,50809
14301_14307_24534_14130_8371,79145
8668_13304_10191_15628_15629_15630_15631,903
12220_11872_8962_18306,381
10117_13039_13627,2616
12332,171706
14800,447977
14832_13705_14876_12612_9580_12623_15020_14996_14930_12618_13706_13785_14962_13704_14409_12615_12619_14499_14524_54861_13173_14430_12617_32605_12614_13694_14759_13702_13629_14815_13528_13703_13708_13624_13707_14354_11828_13697_20850_14348_12613_30915_14649_44313_12037_13651_20846_13709,488635
9292,367
20796_30116_14663_30118_20795_8394,813
11715_13871_14350_13922_13443_8869_14991_14767_13358_19342,808
8766,1021
11154,1787
8434,819
8300,739
9692,824
9271,2078
8618,2634
9064,411641
8800,1106
13558_14885_30903_13555_8748_13559_13560_13556_13606_11997_13557_19312,79430
11227,397623
9229,498474
11669,163690
14302_12928_14568_12867_12766_13132_13239_11489_11785_11339_14304_10044_13962_11408_14018_12213_14644_12448_12787_14282_11532_12866_11445_14015_12639_12181_14295_8438_13552_14020_10043_11803_13165_13551_13342_11006_10047_14882_14016_12476_10287_12256_13048_10418_13179_14729_13401_10046_14303_11992_13737_11522_14024_12334_12453_8437_12643_10733_11862_14305_10878_19064,101005
7511,1818
9588,2632
8959,1401
16562,240094
19308_9182_17612,305
19309,79406
9179_7552_15553_11398_7549_9178_15552_17608_6543,231568
12895_11264_11200_7493_11886_9141_44811_44843_44870_44816_44817,99657
18582,438274
8733,361
11721,178400
13116,330054
20525_12522_30089_30088_11073_12480_30087_100165,224
9025_6657,320
8491,3198
18279,370980
19960,97282
11801_20770_18996_20771,64753
12197,88
14300,401768
13028,45
18416_18423_14975_14827_14702_18417_18418_18419_18421_18422_18644_15089_15091_15090_18420,447757
44628,488437
16830,261
10208,2834
13125,168984
15665,167635
16206,209956
9329_20713_9937,199241
12258,158681
17147,275766
14039_14198_8758_33545_32815_9504_9636_12792_13350_11283_14175_32932_18158,35698
19424,85327
17994,329249
20559,99965
10128,3327
10913_18808,53035
11454,228190
18685,45453
9685,45448
10441,251383
44637,494526
44332,494541
19438,85443
8008,2563
19385,83601
13686,488650
11707,324588
8960,90103
13359_11576_14875_16525,235936
17746,3095
19152_9775_13259,75382
10652,3052
9379,3111
19641_19988_19989,93126
14077,352682
19547,901
9716,3101
18006,329478
18834,482601
10680,98863
14025,276435
18129,352641
11922,2688
18475,412066
13426,284984
17939_18948,598
15532,157991
14148,785
19018,66529
18360,398124
18463_10395_18464,3222
8182,2399
18637,444490
8353,64745
9473,2306
19093,70593
12277_14993_33620_12215_13061_14922_11076_12130_12289_18943_30927,593
9416,293964
17408,293987
16034,1991
16614,247815
15529,157835
19201,79102
11426,48818
44648,496689
15059,100070
14722,353298
19020,66624
18528,424107
10794,644
12885,324737
17711,309108
15371,140933
8938,1177
14098_11448_12072_7906_13478_20088,98306
19560,90283
14131,363523
15085,100976
14744,466794
33717,512260
17569,2962
7294,597
17324_13219_9430_8660_44_24300,437
44651,496756
12301,254875
11466,603
11603,602
14764,464282
10665,3459
19210,79140
9000,79147
19207,79134
16369_16368_10002,2909
9920,2980
10555_20603_10556,79345
13227,465
9448,42062
18244,369873
11838,85128
16563,240103
18458_7791_10926_7792,405
16788,254704
14200,369929
9444,2269
9936,2257
20481,99734
7725,158025
18155,35689
10299,79233
7369,79273
8294,79276
9516,2310
8622,1264
10908,168
12309_8197_12302_18953,60015
8542,3303
8134,98673
12173,5
9563_17051_17053_23692_23691_23693,511
30019_54560_54561_11773,93347
9599,2502
9369,363999
10264,95702
9719,615
8109,99922
14439_14436_10832_14447_14440_14438_14433_14434_14441_14443_14445_44308_14446_14435_11523_8854_14432_14442_14444_14926_14437_15229,110
14546,88635
12582,440402
11950,284332
11759,93476
11629,79330
10006_17723_17722_17721,796
7428,3241
9397,417
10089,99731
8492,2833
11083,3351
13038,140944
9203_7627_13997_13996_18363,398166
7894,2900
10819_11370_19353,827
12709_13376_14059_14635_12408_13783_7996_9630_21129_170_11589_24549,98938
11133,3214
13761,293955
14313,437552
7244,1310
7032,2970
7846,2332
12734,139466
12687,464760
7058,957
10438_14166_19533_100245_100243_100244,447
12593,209905
8652_17546_17547,178382
9993_2579,99757
10383_23178_23179_23180,908
10115,1861
19947_10868_20704_21142_11634,97238
8901,3292
14629,444092
7188,2285
12669,137605
13851,314399
8788,209981
7437_7436_15613,1653
14381_14884_11156_8892_11214,172
14309,397615
19570_19569_16006_8998,191
9373,79156
8607,2947
9537,79128
13582_9759_54736_141,1052
8009,573
8268,2917
13772,300313
9019,293603
8442,2821
11158_13767_14253_11804_11383_17979,3261
100253,3103
13895_14124_13635_14459_24506_14703_7034,974
7987,485
11841,65284
9378,309147
11772,79332
9954,3019
14072_13345_24554_10924,356978
10263,86818
8152,2774
8224,682
8858,1239
11911,50814
7055,969
7398,157832
8774,79154
11229,51188
11047,3218
12714,289377
13773_17410,2940
7726,2114
9340,90031
11797,293168
9737,351
14226_5807,228000
9194,2566
9069,70472
13762,401859
10354,59
10662,2824
54680_10844_10964_9189_13591_7561_7562_12558_11109_11765_16648,251
7134,1487
9452,1493
13561,280586
7895,85166
7993,2538
8725_17972_17973,90790
9319_16305_16304,157850
14272,140966
7293_13016_9953_17570,2968
9169,2022
9302,1770
7612,2027
11308,53693
10728,3134
9621,2522
10194_13899_18096,3449
60611,658813
12635,95428
12807_9183,158684
9507,1296
9414,2089
12621,94064
12290,66631
14538_12262_11181_21083_7614,45358
8768_9745_8769_14147_12588_9744_10830_12188_13866_11144_12414_8767_8083_19260_19262_16295,352709
11216_21001_11631_11417_13220_14225_19257,647834
9578,2481
14285_9134_7109_9135_13355_19403_20337,85
13324,99141
9200,3172
10193,3447
9927_9554_9770_17398,293843
9858,2871
13015_11001_13146_12743_13145_13148_14621_12742_12728_15263,130
11411,314597
10323,1193
7967,252206
7836,2307
32916,659463
14234,178307
32707,688642
11731,35710
9575,49827
14146_11013_18543,428
8895,289601
9420,2232
9862,226
14121_8453_8026_18190,70
14067,357175
24526_14646_32854_200,3473
11449,309334
12423,75858
8551,3317
11533,363417
7989,566
10378,139583
11501,166277
7798_9428_18570,436
10801,3180
8723,26793
12622,137898
12044_20791_7380_32904_18102_4686,34533
9511,284139
13572,435628
13136,217407
12735,420561
11612,407
11610,243343
7504,2405
8151,53697
9767,2719
10485,431140
9591_17730_17729_18868,512
9977,1571
9185,1946
8155,2777
9615,308425
7587,3023
10005,3124
44726,505242
10902,163662
12446,168606
32850,684305
8450_15304,137817
11171,69082
9803,2772
10881,2496
14677_9003_13465_9875_18852,49382
8386_11233_11097_19187,782
9619,572768
10225_10359_15612,1652
7584,1962
8825,1150
12316,77297
8390,3110
11420,314802
9082,363396
8935,1173
14250,397685
10087,498602
7231,1295
7711,1241
8757_19080,701
9874,769
11011,1858
7642,440987
13047,284426
7803,102
8877,94086
13700,309031
9549,364055
14254_24532_8163,2792
13815,313855
11895,3260
9321,2110
20854_29132_20607_8323,526
11150,363665
14218,369992
8708,36
12552_8234_8082_7540_19003_17169,276161
10328,231401
9085,3239
13864_10471_7387_12555_10370_16033,199
13301,91
14327,402003
8503,3465
10747,53351
33946,528623
8712,949
13661,289504
10129,3326
10617,2234
17884,319298
10356,93606
7368,1551
7672,83454
10749,3369
9475,33
10930,1104
7534,116
13049,263494
13583,280640
14953,542306
13225_12923_12071_10020_6536,528
7037,15
9258,79239
8694,2985
60549,656130
20747_20748_8863,2882
14989_20736_14990_8621,1410
8572,988
7259,363705
11007,2141
10204,275761
11224,65684
9318,2108
10164,2879
14725,447997
10686,2608
7225,1118
8520,1275
8426,2462
13176,363992
13968,319646
7950,98292
12120,79246
14658,85165
44646,496641
11764_11658_13625_8199_14604_11613_14233_11562_8200_14796_17279_5180_6966_828_10796_10360_11737_13167,411602
9665,79241
9694,2587
7072,978
10078,1856
13798,658540
9435,2261
7908,2398
8843,1192
30048,659672
11758,93473
14331,401945
10559,2466
10083,22
9009,722
8795,1065
13904_14683_14101_14071_14120_13158_14022_14140_13157_9667_9364_13154_9678_13835,272
11818_19009_17095_17096_17097_17098_17101_17102,65683
13541_14171_14170_32866_14116_32578_12399_14337_14341_904,300573
7341,1453
8777,98957
9973,33355
9341,2152
9565,2172
10720,90797
8864,141333
8876,125
14391,420573
11008,2001
8312,2964
7636,391474
19107,71275
10101,3291
9363,2181
10639,2375
9720,2662
13275,712
2422,55881
11512,79493
8097,2612
10750,1122
10364,85332
9777,2920
12634,314555
9063,443988
8043,2589
13869,976
12322_12562_7999_7733_13642_12563_7734_9349_16355_19756_16296_11616_12267,2162
9211,327
13382,217396
14089,352662
7251,140
14487,369861
9362,3035
8992,2319
9901,1234
9848,345
7857,86919
9446,2278
7137,88620
12368,137754
9061,586
8436,820
12128_13463_19443,860
11740,97286
42977_11114_12800,867
8145,296
9963,3404
12624,99901
7145_21908,1114
7927,2430
7176,86813
8054_16367_1907,221
7114,63442
7143,1110
44702,500188
8178_507,52430
8517,3259
20739_7749,300547
11257,79319
10172,3412
14559,457212
13810,464443
9264,2368
10531,1484
11059,2163
9266_9265_9267_18150,355
10787,480
13252,280558
13802,313850
9666,79242
10886,1001
9925,758
9622,313795
14918,500095
8940,85186
8136,637061
8395,3121
13064_8519_54752_12394_17923,3237
7333_11712_19508,888
13452,404463
9067_19745_19746,214
24540_12871_9078,90647
18881,52688
14966_32588_30061_14240_20341,98892
9111,38874
8696,90301
10237,2898
7848,2334
12200_13027_54832_12199_7378_20364_20214,98627
20783_20785_12016,137667
7696,1927
10420,443197
9635,2290
9433_13752_4933,2248
8180,2291
11959,3243
13453_11415_8765_13454_12056_14145_12990_60650_11473_13613_32794_12723_13449_12525_13446_11458_8764_13231_13457_18998,65
11014_20555_20556_20557,64742
24556_14925_54776_14924_20310,98820
10726,778
9062,2575
10325,85288
12756,261197
44725,505227
9247,1791
9051,2881
11771,139547
10735,481
7265_14114_14112_14113_15280,1340
11663,247604
8874,1227
12637,263508
8999,193
12396,165991
10716,79447
7353,1471
13947,314485
7470,85192
11045,3434
11382,232
11169,281201
13228,228387
13971,314051
11017,34217
12825_4392,209916
8130,2743
9204,1972
9680,1875
13472,280553
12381,263458
10989,2578
9426,2323
9769,2714
10512_30909,662198
12276,79137
14061,438117
13362,363444
9921,2166
7384,231013
7916_19574_18178,36204
10901,2119
9320,2107
13325,263487
7276,195
10709,2379
9050,96253
8709_19796_78,221054
14999_14901_7881_7129_14749_11477_5486_11265_12583,99798
8662,3086
8408_10058,431255
10279,88630
11928,1756
8729,90795
7346,3233
11050,2516
27407_54701_12455,261494
14821,457378
34145,557003
10920,83463
9771,2718
14006,329224
14058,352712
9792,2272
9427,247651
9377,927
9285,33573
32933,656279
21056_44300_21055,733
10392,713
8318,744
30931_54700_30924_54699_54698,324977
15278,1333
11496,93279
14342,404466
9849,343
7077,42665
8339,2987
12713_12185_9593_10738_8479_16763,254
11628,35
8724,2952
13674_54764_12444_14290_10476_24457_54763_18307,385
13740,293925
9965,2849
16825,2597
9024,1389
18945,59306
13726_54865,527276
7635,347
10835,2988
11134,1553
8704,935
11953,88619
7619,289465
10797,699
11036,2941
14976,478049
8023,2579
9891,729
7490,2767
11022,52022
8059,69087
11287,85199
8039,289326
14426_12299_10836_12754,35612
10448,280679
9706,43115
13991,66628
10831,1768
10142,90673
8591,3350
9026,3071
7875,503
11337_11336_13135_9974_12146_15541_15542_33557,540
13934,314689
12629_7326_15427,1431
12136,228308
7624,2047
14289,397612
7542_11690,1328
12682,331226
9668,33108
7059,971
9425,1790
8667,892
14865,420702
14273,397951
11719,44890
12557,91130
11106,412022
8261,221039
7441_7442_18849,49042
8791,1048
14023_24607_18278,662184
14332,401948
11327,2289
8663,91496
12747,57
8588,53372
13232,2619
9943,3005
14512,438216
8540,3294
9540_9645,1334
11048,1948
7443,1166
12856,166108
9547,2432
13170,221145
8348,60026
9479,2315
12803,103909
14196,2117
9086,3217
10051,3011
6277_11705,538
10004,1896
7230,1292
7883,652522
10923,521305
11185,98960
11046,2867
10038,73273
7395,1529
12570,91135
10621,139
7434,412206
12195,65720
8357,2252
9313,2101
13808,163634
9241,3219
9735,634
13956,319595
9552,87503
7489,1822
10330,247522
9800_17194,2768
8153,2762
7556,79397
12883,520
12073,440706
10825,1352
13542_9649_11784_16820_12122,2573
11244,561
14489,445110
9272,2077
7414,73
13605_24543_9242,90354
14869,528091
9093,1659
14886,488627
9749_12411_128,643
8422_14804_8785_16828_15194,1047
14912,500062
9283,35706
13069,227976
8485,841
8179,46348
7796_16390_20798,2238
9785,2746
11601,247598
10585,181
12084,35708
10622_17264,461
14268,431149
14034,363686
11197,84093
7871,451612
13391,163684
14062,352470
9240,51208
13836,280406
11969,79325
10288,977
14532,457050
13110,217382
10538,2565
7849,647815
8297,79473
7494_12603_44202,98809
9205,1973
9502,79244
12858,169464
10857,100069
10064,2572
14963,689408
10426,293621
8879,1270
14541,254516
9342,2155
10027,309324
14790,466703
11034,1811
8730,90793
10152,3363
12719,139406
14292,363540
9566,2463
8501,3205
14605,457284
9012,2215
9252,2056
9940,763
12739,139450
44318,653767
13329,238578
8465,2439
10972,2180
10179,439
7852,2202
11676,42775
10146,499
11405,221046
11225,275
9942,3003
9814,2324
7301,1393
9581,3044
12055,2370
9996,3098
7177,114
9445,2274
8544,2564
12081,238446
9238,90045
13944,324530
13115,217335
9966,3032
14952,468620
12786,247794
13021,210115
10879,1458
9999,1507
44660,498251
13334,465824
7043_19661_19659_19660,710
8587,3348
8311,2959
8941,2031
9124,235
10408,140952
10035,818
13795_9226_16068,2021
9905,3409
7070,36397
12791,1933
7256_18902_16216_3243,88673
10999,3304
9395,3416
11506_19448_17704_13981,319189
7920,90186
9139,156731
7740,898
8283,2930
11706,306674
10007,2511
13360,93302
8403,1003
14716,457485
10013,3144
8633,575
7863,33543
14935_24550_15942,1826
11202,140976
12017,90307
14747,488197
14896,486815
8562,2251
19475,86884
14851_212,300547
7615,2378
33864,522077
9380,234
12211,79323
15010,289863
12074_16584,2457
10882,1113
9671,3068
9503,255182
60707,580940
8806,1112
8404,2036
14206,440427
7683,2097
9914,85174
9232,2854
14773,369891
10891,1046
10196,902
13281,263501
54637_54588_11899,2701
8750,2513
11816,46059
8246,251295
9731,2669
10446,90001
7200,1252
9738_19346_17734,309294
7960,2241
14162,352563
14380,424099
8693,920
14554,456312
9359,500135
9880,85442
8061,2614
9721,2663
7970,2485
14429,319581
11004,86822
8980,1180
9459,88642
8664,329211
8818,3342
9331,2128
32942,662179
8787,83642
13046,99849
7640,59181
32814_18786,477749
9543,2083
8448,268129
9326,60041
11575,66625
9233,2256
9865,97234
8523,90340
8332,52530
11722,397973
11874,59303
12526_15053_19623_15054,91378
9723,506
34054,538958
7896_4600_4614_875,514
16532,2382
7853,538574
11490,171700
10412,163979
7924,109
54835_54836_13150,238455
9620,3132
7639,227796
8594,538756
14791,597738
14596_19450_15034_15035_15036_15037_15038_15039,86823
8048_15705_18947,595
12184,2670
12124,168593
8341,2999
19407,85172
8665,2997
8251,2897
9560,2717
9556,943
100103_100102_100104_100101_8824,994
13659,294016
9109,470
11972,64739
13626,404546
11500,64755
10122_19740,54057
10821,1799
9478,217390
9824_13327_9823_2474,416
14824,459061
8298,2730
12143,168577
8108,1647
10569,1497
7123,1072
9998,3102
13276,779
8209,46627
10239,2148
8796,1064
7248,79141
9625_20762_33211_17868,319192
12897,329
12172,746
11338,39041
13759,293822
11342,238459
10298,510
10505,3041
9514,2377
20495,99807
14361,352490
14495,436245
9798,3042
9074,1970
9348,391
7113,72
16294,2150
9405,2218
7421,3232
9871,2891
12123_54559_8909_26765_14904_11291_26729_30043_15286_18292_18293_5500_5501,137
19073,69735
12222_12221_17779_19264,3137
9897,206583
7768,99880
44701,500180
10890,2008
7984,2504
8853,1231
9344,2153
11996,521
13954,319558
10523,85453
14270,370921
10922,3130
8165,98868
8717,968
11823,79107
7536,1928
9367,2473
7603,47612
10539,1131
10802,2255
11175_100340_100339,95
10467,261483
7243,543
11211,168549
7700,2118
8289,36383
8484,140917
7271,53296
13144,82
13784,435845
14180,412181
9045,1380
14483,397758
13957,319600
8728,90794
44696,500144
12854,140963
11640,85201
8534,280774
8894,1375
9437,1226
7688,2588
12980,199332
9584,3079
9121,3439
9020,98969
9589,2631
11217,35107
7712,2549
14403,314811
8783,31150
7322,79346
8525_20509_20508_17987_18257_20510,3280
14425,168615
11166,86915
8829,1160
10524_20721,75563
19531,90030
7537,2789
12475,209932
9822,2793
12335,71526
9732,839
9820,2788
10498,401973
10496,457240
7856,2198
8016,3377
14118,369852
10579,1661
14689,447974
9104,2143
12393,71278
10718,3016
10139,90674
11518,319182
10592,2092
9714,289380
13692,289539
13870,314667
8849,79100
12757,137631
13955,319552
11469,3319
9083,3216
13166,2066
12549,88644
8115_13691_15267,1305
9697,501
9094,79149
7226,1246
8753,56
13417,280133
14793,488168
14562,457185
7660,435329
9297,69076
8993,2010
10638,2339
10281,34587
8387,91481
8737_18060,335
13789,300536
12504,85164
8585,244242
9110,2195
9384_19155,755
14563,653880
10315,276
12308,220497
12099,250977
8808,1116
13005,199343
8557,851
7888,523
9315,330
10258,85282
10389_17905,319605
10887,3387
12541,90024
11010,2470
12512,168566
7041,87
9338,79124
13164,65287
10107,983
32836,502430
7606,337
44304,508523
12648,79159
14472,436166
10001_19287_23046_23048,79373
9231,2639
12097_13366_14694_12349_20692,2311
18690,454718
7073,989
7407,91138
10543,111
10011,799
11624,101028
8222,37553
10612,1397
10532,1145
9931,1208
13408,306550
7214,1278
11132,169095
8810,309020
14314,397927
9704,228302
13735,329332
9919,2971
8244,2884
8799,77298
7185,1228
21035_13492_12487_30009,2850
10851,2409
9371,939
14094,300298
14723,477817
10961,71528
8624,3408
8715,1784
14741,466950
8118,2724
14312_11234_13845_107,137888
11215,2763
32838,664923
8365,96167
14044,289553
9910,3455
11402,48431
13539,79507
13563_10466_14165_100247,280633
11273,168569
10140,238670
8705,35121
8071,88659
14210,356996
9607,168598
11239,468672
8183,675
7827,611
8599,221091
9042,1528
32943,662175
11081,2412
7120,1069
54581_54582_7142,857
8262,2911
7445,86920
12110,73272
10561,192
8850,1488
14746,468699
12280,66629
9748_15354,139578
12830,276413
11776,1451
8857,1237
7618,1937
10867,2825
8407,85146
8259,2903
10557,180
8411,3138
14520,444048
9177,231556
14431,435660
13512,93616
8675,2053
9303,375
13074,2396
12233_7903_18875,524
9845,93333
9764,1125
8743,3199
9747,255229
7340,1452
8678,904
14069,357332
9300_13588_14126_14504_33047_13972_17312,2855
9251,348
44205_44204_9833,811
11652,48652
10082,3191
13858,269229
13580,255138
9224,1910
10714_17221_17223_17222_17226,702
10010,798
8826,1485
10123,2951
13576,183675
12783,244310
12948,96125
10165,2249
9499,487
11497,168583
14809,488647
13584,456318
9212,328
12456,83461
60763,662829
8929,1387
9498,2347
16381,2222
8927,435930
8731,95700
9255,79237
7842_20066_20521_20522,98249
10725,792
9033,1777
10788,104
11783,79324
12608,206580
13578,464306
11998,140481
14778,530983
10457,276432
10333,52055
60582,542585
7208,1263
44714,502423
8101,2456
9856,709
9228,2025
8388,169
13467,331190
10154,3368
32882,658595
9480,2318
9282,26791
9018,98972
8139,2760
7608,873
54738_54737_54739_9046,2052
8345,2032
18544_10247,43
10311,98895
13678,293936
11664,169100
9149,1812
9070,941
10668,1436
14247,391392
8760,134
10932,75373
7227,3168
10568,50
14157,363649
10753,555877
7085,1008
8247,3104
7438,99792
10914,228305
9623,647
8981,1313
11717,35878
11019,1014
7529,79148
10305,52503
10711,2886
7159,1144
44634,494439
10385,538934
8359,3015
21019,54
8291,737
11213,487825
9075,1566
20602_10265_10731,373
14490,438075
26777,596753
7934,251287
7461,2868
9001,91494
14493,436159
9167,1261
10079_17831_17830,141
14715,431166
11766,168563
9275,446
14523,445062
7363,115
10475,329235
60510,659396
10490,370927
10855,2832
7922,33001
14527,435953
9522,1816
10334,369939
14021,391389
10125,2489
9410,85138
9877,633
10437,238329
13877,447784
10220,3471
11672,300324
8815,23
7385,458718
10039,1355
7969,2483
13679_10016_17838,3152
7338_15092,2014
14552,439897
14388,401942
10095,1178
10988,1117
14261,391348
8681,893
14888,494433
10382,93256
14455,436174
9123,230
10998,79321
11730,24
11035,638
9562,118
10578,52368
12117,79328
12548,99749
13177,34520
7392,1508
11976,50811
9021,3338
8642,887
13351,402364
18919,562
13640,284247
10243,2571
20716_10132,95716
10203,3080
9528,71
11062,1126
9485,2707
12868,26349
10104,2972
13000,100924
13771,300293
13837,254898
8287,380
10572,198
13003,141152
12251,171851
12764,420741
11621,85203
7727,32960
8917,1354
14881,488618
9564,2461
8611,3383
9582,2557
12693,137625
7891,231040
9276,274
12967,86817
7956,1993
9513,2407
7698,2438
10116,1803
8650,2064
10008,3129
7564,91414
10463,163966
8908,79329
8206,1179
9192,1667
9691_15821_45071,178566
13050,210144
8440,2820
10993,2115
8219,704
10465_7843_16512,2322
8965,138
14816,488232
9222,1986
15243,1164
8682,220
8396,2709
14014,412189
14714,477814
14529,444072
10339,85294
9268,2072
11559_9469_19008,65682
13907_17091_17092_87,35981
13898,401996
7417,218
13595,276405
10631,464
12589,2896
11255,357158
7838,2308
14946,653712
14420,140941
11240,60040
7959_2797_2794_517,616
9209,1974
8727,90791
14576,401862
9523,2390
14801,496751
12784,139485
12733,139455
8335,2994
7272,199285
7299_14951_19349,821
10199,2475
11936,139471
8598,3361
7277,1373
10507,521258
12192,65288
9138,1782
9717,800
9253,2059
10866,85179
8637,99771
10181,1876
11946,66637
11079,2831
14936,500150
7068,46
9146,1883
7588,1964
10717,79243
9394,2801
7382,1051
13111,217371
12703,171680
7355,1473
7193_5388_13079_13080_13636_13637,186
9477,506307
9780,2736
14149,363409
10478,356961
13587,284435
12794,157954
9990,3088
8707,958
12212_12427_13897_18954,60030
10651,565
9529,2394
9015,1490
10962_7758_14622_19272_6588_18865_17667_17673_17672_44663,530838
10979,65283
8645,3201
8812,1133
12032,52047
7656,356
10338,139557
9263,2067
14969,440713
10856,88924
9742,33445
7686,721
7610,2026
11970,163727
7732,392
14238,391307
14128,672979
12718,137908
12208_19306,79394
8460,2063
10759,3456
12307,168624
9402,2211
7381,293381
8138,98606
7651,2069
11504,443162
7739,399
100325_31169,166272
9198,1954
10130,1675
7202,1259
10400,431272
15397,141132
8722,26792
14460,423454
9958_21665,773
7062_17448_17506_17507_17508,973
8674,51636
14115,363412
14698,457351
10618,2239
11977,178303
9483,2328
14224,329195
8161,2791
12191,137681
8343,1207
9797,30
14819_24455_14591_8389,3107
10659,100973
8721,42
12252_13224,231108
7249,1319
13775,436169
14317,401764
7334,1300
14645,464336
13688,79150
11243,79094
9579,137834
13394,306547
13894,314394
12271,157801
9517,508
14789,468684
11235,2840
10425,98955
8486,3184
7753,662240
9036,2872
13310,95699
12833,93262
9097_19631_12653,91495
14873,64754
13865,314637
14507,1388
8915,2229
7979,2499
7203,1059
10858,2429
12530,85112
8221,742
29134,542301
11614,35701
7316_8816_115_22715_22716,268882
30073,631248
10526,324
8641,247691
14731,466926
13171,760
8466,2329
10029,101063
14899,329314
7570,231031
10268,452
10808,466
12161,169085
18657,447961
10482,363654
7313,1221
10748,3341
10111,2723
7904,2699
10520,88917
12417,168796
14060,352718
11579,67042
20769_20763_20774,592574
9120,2464
11018,2899
14274,440731
13349,280071
12467_10091_15526,157820
10153,3355
10063,3177
13026,98959
8875,2057
7998,2551
9711,2020
7198,1253
8477,93314
14492,420686
9210,326
7991,2533
9841,2836
9618,2515
7992,2536
11334,69085
9524,1891
7042,794
9202,1780
7947,558
14748,457395
7212,2946
10710,2888
32889,689397
11882,293165
14948,659702
10742,1335
10200,905
8142,3314
8271_17528,93337
8092,279943
7592,2809
11599,179
10580,37042
10683,596
8038,2585
14353,443811
11479,443236
9570,2471
9188,1951
7860,2200
8087,640
9053,35664
8948,909
7507,1658
9150,1882
8563,1078
13803,542310
8127,2741
9928,60025
9904,358
12992,199337
8301,2957
9084,3236
9530,530
9312,1979
8113,2353
10938,35078
10278,85278
7410,91396
14168,228003
15012,505248
7405,207
9089,3230
9846,2843
10745,231393
11638,157846
10889,1682
11510,97297
10337,137831
13245,228426
10650,2484
9895,2916
7971,3034
10403,998
12675,199247
9281,25
8201,178509
10610,2570
14892,476126
9852,332
11885,91500
8852,661
10092,3255
8478,93316
14662,478664
14049_9368,2704
8893,1308
19154,754
8273,330061
13458,363694
10947,131
12177,88628
14449,86816
7878,2373
7879,1202
9187,1459
9688_18325,589
14160,397959
7566,65748
7519,1895
10100,845
8592,3352
9495,85202
13523,280576
7986,2635
10480,466026
7650,52417
18794,477787
9353,395
9512,2371
32886,664438
14944,464288
8310,740
10049,2818
13178,157973
12176,96170
9736_14466_179,2671
7747,542657
13960,324321
7252,376
8896,1318
11041,69083
10997_12278_19037_12576,683
10221,3474
9879,629
14510,438178
20108_16450_19532,98375
13760,352333
7401,1538
9561_17732_17733,61
7808,79503
8928,1368
8510,3246
8830,93
7131,69125
7690,178345
14870,464366
9095,1657
10865,221120
14751,477993
14405,425120
13364,353284
8547_8546_17042,2655
8217,2839
20738_7990,2505
8111,2710
12481,29
7486,352657
12579,747
9257,79238
9491,2342
8752_18209_18210,58
8996,1454
13885,420179
8991,3429
13172,250972
8276,329971
11236,79299
8280,2869
14369,420584
7621,2044
8907,79318
14602,457279
9700,1358
44718,502444
7209,3344
7098,100008
10401,178461
8692,14
14784,467176
10591,97232
9493,1399
14857,494344
8046,99846
9156_23052,1892
10367,314795
8245,2885
12462,329329
9779,93329
8017,1839
9595,175
10840,2798
12387,75325
7679,2090
12052,79327
13614,293958
12725,329481
14119,363528
10080_16394_15518,1576
11581,65282
8380_3075,790
12383,75391
13840,319678
14320,401777
10732,2815
13368,238744
11080,3235
8443,2826
11208,679
8488,3186
12118,79333
11964,86309
10654,94083
13053,217026
9324,2116
9383,2312
10514,504530
9861_19259_16366_19258,716
7766,77296
11468,90117
7388,2391
11835,70595
8713,37
9039,1225
11933,79326
14787,466688
7837,2316
8425,3164
8974,1426
8467,2437
7211,1276
9509,98818
8918,159
9900,2934
14424,168612
7710,1214
12853,2963
11412,85110
8781_17593,300605
8744,2007
14013,411712
9533,1563
10518,906
9903,246
9934,210122
10077,93358
10224,2508
8884,2713
14464,431361
34121,555402
7400,1540
9648,2400
10177,3018
14263,508488
32830,656135
7949,560
8177,2800
7376,98970
7374,98967
9994_2978,99756
12165,217266
8402,2013
12342,96121
10127_6456_16974_16975_2588_6458_6459,99867
10981,3328
10653,3242
32820,659609
8659,2967
14195,369970
7337,2016
10545,627
9419,3464
8608,870
14707,488280
9130,239
10691,649
9114,35122
9952,3270
14043,329228
10332,85280
7352,1475
10537,127
9885,806
12105_15943_2341,900
10014,85184
8684,280
7820,2287
8005,3238
8995,3472
13423,331187
9007,1873
7100,271861
10235,3077
17991,3287
10554,921
10269,190
9191,1824
8952,1394
8988_16603_15991,187
13873,85173
12392,79157
9079,79500
10134,705
12999,382
10679,98896
14893,689422
8445,3038
8218,2841
10473,324410
9274,1802
14271,370924
13036,217017
9978,1574
11116,1120
7680,2091
8358,3026
12209,50815
11790,99742
18334,396
15367,1406
16043,199302
18309,388
16482,231147
16044_16064,199306
16364,220493
18305,379
16748,252054
11979,99000
16474,231111
18166,357154
18298,371428
11578,97290
18580,438213
18749,46532
15099_17093,268943
18044_16451_16452,33208
18088,342
18081,340
11340,141127
19314_19023_2726,66646
19315_17243,79456
19316,79457
16456,228384
18251,370
16457,228396
100280,33226
16458,228399
19591_5152,90695
19949,97240
16826,26
19951,97244
12155_15312_15313,137914
18280,370997
19137,73267
16453,228371
18025,330064
8891,97229
18029,331
18710,457359
18442,40366
15027,99879
19944,97214
19133,73246
19132,73245
5508,321
19136,73263
15028,10
17904,3196
18633,444051
18711,457365
17858,318
6451,99868
17787,314
17778,313
44621,485405
19134,73256
6976,97283
19963,97287
19962,97285
18248,369950
19959,97280
10575,90646
17864,3188
5048,97279
19957,97278
18019,330015
17852,3173
17856,3175
17218,280195
17857,3176
18020,330021
19955,97261
15803,178475
15804,178478
19414,85284
15751,171839
17850,3169
18273,370930
17837,3151
15806_15805,178481
10527,85275
19111,71493
19375,83473
18976,63862
18854,49566
18929,57196
19810,537
11320,3268
18873,51890
18658,447980
19373,83469
19372,83468
19374,83472
15307,137867
19164,75857
20492,99802
20493,99803
19370,83453
19369_11441_20572,83452
19344,81
8803,83
19391,84
20380_19792_19793_19794_16163,94147
19803,95429
19802,95427
19367,83450
11429_19433,92
19028,67
19036,68
19131,73230
18965,63
9325,3220
19828,95496
20505,99852
17920,3224
17921,3225
19130,73224
19129,73223
19143,74
17623,306498
18801,48
18598,44
17918,3207
18632,444002
20503,99832
7318,52
20501,99827
15458,1495
20502,99829
5820,99824
20499,99825
20500,99826
15453,1467
8926,1466
15449,1461
9799,2796
15443,1450
17197,2779
9092,2770
17196,2773
17792,314034
18569,435938
18568,435934
18748,46488
18746,46486
15428,1433
9801,2769
16214,210136
15425,1423
18182,36237
1595,1429
11810,2744
16356,220393
18927,57145
33682,508533
20460,99147
15465,1522
15464,1521
15466,1525
33683,508542
18899,54247
16899,262
17928,324313
24252,488613
17301,2847
9028,1512
17575,298
17219,280200
17453,295
18051,33314
17409,294
17572,297
17372,291
17361,290
17375,292
19876,96092
18216,363958
17281,2838
15462,1506
15461,1505
6639,1501
17319,288
17282,284
17275,2819
7473,233
16472,231
16416,227
16379,222
17225,280234
18370,399081
17224,280229
16812,255
18053,33364
16619_16535_15884,238468
16445,228277
17582,300385
16529,237
16439,228240
19978,97360
16039,199267
17376,29207
15745,171703
16239,213
19973,97341
16779,254519
16778,254509
18825,481152
19969,97336
4241,97335
19970,97337
19967,97332
5979,97330
16988,263455
15796,178320
16777,254504
19012,65759
15388,141091
15800,178377
7671,84090
15389,141096
18175,35909
19395,84085
5526,3299
17989,3283
16205,209943
17580,300305
19383,83597
18076,3389
18891,53715
25667,171673
20550,99926
16083,2045
6248_20549_16785,99925
20552,99928
20547_13730,39812
18835,48372
6614,48377
16203,209902
16071,2028
16070,2024
2142,2023
18061,3353
18876_6430,52416
19429,85336
19430,85338
19427,85334
18955,60032
19428,85335
18956,60033
16066,2017
16065,2015
18058,3346
9221,2019
5103,99971
19425,85329
18877,52427
16865,261652
16060_19764_17220_19761_19762_19763,2004
16059,2003
20560,99966
20561,99967
20562,99969
19418,85319
19416,85317
18050,3329
19419,85320
18045,3322
18043,3316
16647,250984
18034,3312
18026,3305
19115,71529
10110,3301
15565,160148
34099,544254
19324,79481
19112,71505
17337,289548
19113,71518
19114,71519
15516_17520,1570
7119,250923
15484,1560
17321,2890
18217,363965
16354,220295
9859,2876
15473,1548
5724,1546
17318,2875
17315,2865
17316,2866
8499,2863
17177,276280
15515,157
15470,154
6363,168816
5512,168811
15454,148
5835,144
17780,313781
18055,33402
6468,142
19767,93946
19768,93947
15766,173
16775,254478
15564,160
17932,324416
19758,93926
19757,93925
18271,370348
5661,108
19526,90000
17230,280365
44720,504476
17584,300493
15261,129
18684,45452
17232,280384
5706,228123
19896,96147
16425,228116
16426,228119
8741,991
16509,231736
6558,63275
19150,75249
19148,75233
44643,495875
18607,440727
18968,63259
17160,275864
19149,75234
19434,85414
18002,329336
13617,137634
17161,275872
12095,364577
17640,306692
44641,495818
16596,247262
17583,3004
17999,329308
16595,247257
16411,226307
10771,137675
16594,247245
16854,261534
19439,85445
15600,163971
44331_16408_19858_18612_16410_15792_16409,442
15259,1277
16591,247234
19435,85435
19436,85436
19437,85438
5498,1267
8051,2593
15299,137686
16822,2582
16823,2583
11424,139411
19845,95619
18227,36412
6908,95613
18425,401901
15252,1236
16819,2560
19387,83619
18229,36426
12508,83617
15347,139436
5846,2552
10672,2556
18304,37748
18428,401923
19384,83600
18123,352530
15345,139426
14720_20250_16646,98672
18429,401935
17636,306669
18115,35125
15987,185
15908,182
15348,139444
16760,2528
16758,2523
15350,139474
16719,2519
8716,2500
16829,2604
13393,254351
17782,313892
17869,319195
17934,324540
19153,75389
18823,480907
16765,254346
18063,33577
18864,50918
18669,449285
18668,449280
17936,324581
17935,324575
20693,264580
18848,49041
19506,88643
15634,166119
15633,166113
19929,96264
19928,96263
12164,3097
19505,88637
17767,3099
19518,897
15681_1726,168782
17682,3082
17668,3074
17867,319171
19444,863
2457,861
20470,99330
16505,231625
17614,3055
20469,99329
5715,858
19415,853
8982,75377
19151,75378
19514,890
19509,889
19499,881
17609,3033
19797,950
20333,98850
10271,456328
20331,98848
20332,98849
19795,945
15735,171430
19635,930
19943,972
19455,86843
5272,98826
20315,98827
19933,963
19454,86839
17872,319213
18821,480880
16418,227510
19565,903
9997,3103
5737,319218
15701,169154
15326,1390
17694,308552
17783,313906
18822,480898
44778_19478,86893
18005,329475
15325,1383
17180,276422
19634,922
17076,268810
19609,912
19610,913
17100,2690
6952,90050
17649,306741
15290_1440,137596
110,2695
18130,352649
17049,2680
17648,306731
19535,90037
34104,544488
19861,95720
15285,1359
19534,90036
15703,169160
18860,50810
18861,50812
19857,95715
15282,1345
19855,95713
19860,95719
19854,95712
18820,480864
19618,91355
19611,91347
19613_17822_3603,91349
7757,1336
12126,86820
19084,70475
19085,70476
15272,1325
17394,293807
19639_19646_19647,93109
19086,70482
15269,1314
15264,1302
16994,2636
19542,90062
15268,1309
19543,90065
17794,314389
5683,1304
19544,90068
15998,1885
15995,1879
18443,404451
18907,54595
15357,140286
16318,217260
16504,231580
34092,543470
15944,1834
15941,1825
15883,1809
19002,65285
19633,91547
19632,91546
19266,793
15533,157997
17880,319251
17309,284979
19188,783
19186,781
18354,398073
17786,313947
16098,206569
15627,166002
18974,63455
19338,797
10586,75497
18474,412035
19144,743
19145,745
18321,391411
19141,735
18320,391408
19127,732
19174,772
19180,774
19173,770
17941,324625
19017,66518
19169,765
19168,764
19170_18593_18592_18596_18594,767
19167,761
18571,436003
21023,99429
15205,1084
19355,829
16846,261337
19664,93271
11788,93267
19345,810
16845,261323
15198,1067
19392,840
16843,261311
15863,180229
16557,2387
16545,2386
19390,838
15197,1054
19366,834
20352,98933
19358,833
16842,261304
17859,31824
17860,31825
17861,31826
16528,2369
17283,284169
15584,163703
18465,411593
5933,64741
16520,2345
17183,276556
20366,98976
16521,2349
5563,443167
19486,86909
16730,251937
17284,284180
15082,1006
16514,2325
19554,90158
19555,90159
19087,70567
17184,276575
12650,169079
19552,90156
19553,90157
17802,314478
16515,2326
17185,276580
16722,251909
14097,2301
16467,2305
17404,293939
18133,352723
100130,70578
2303_6948_6951_2089_41093_1630_1633_2088,648684
18946,59315
18755,466677
13024,70591
15695,169090
17405,293948
18842,48686
19091,70589
6851,70588
44737,506353
18695,454836
18922,56425
18342,397715
17406,293967
19076,69744
19074,69736
18573,436144
11934_23273,31112
7339,1997
18546,43116
8947,1980
16658,251071
16659,251076
18589,439232
16031,1969
16657,251066
16027_15642_18981,1949
9049,189427
18575,436182
16030,1959
18682,453510
19571,90348
16655,251046
15066,100079
16019,1929
18933,57782
15061,100073
12521,1930
5136,673
16015,1919
16014,1918
16013,1917
16012,1916
18540,42642
16018,1926
16017,1923
19160,75567
16016,1920
19157_20099,75564
19158,75565
16005,1909
16004,1908
16841,261295
16652,251014
16011,1915
16009,1913
16008,1912
16007,1911
17945,324703
19799,95159
19035,677
15044,100024
15045,100025
15046,100026
19024,66661
16301,216694
18964,622
6486,39044
16838,261250
11082,398156
18961,618
18960_16550_16551,617
18999,650
15104,101330
16837,261243
19022,66633
16089,206436
19178,77300
18979,641
16836,261236
11795,1094
5072,635
17360_19267,27
13267,261222
17286,284227
19095,707
19082,703
17189,276608
19199,79099
16834,261204
15248,1184
15247,1183
12008,140936
19125,728
19192,79085
17190,276621
19124,727
19120,720
19121,723
18564,435638
19190,79076
17193,276630
5657_240,1163
11128,1147
16604,2476
5100,90291
15233,1123
15234,1129
19562,90289
5919,439167
19032,67045
19031,67044
16580_17248_17249_17250_17251_17252,2444
17806,314585
12638,77299
16574,2435
15230,1101
17805,314575
16568,2408
16567,2406
15583,163693
18301,37202
15606,1643
18577,436274
17242,280779
17244,280794
17571,2969
17808,314621
17416,2942
18845,48918
18942,592
17379,2928
17380,2929
18734,464318
18939,588
18733,464311
17377,2921
18601,440354
17365,2907
17373,2912
17055,268249
17362,2901
17364,2905
18760,466943
17811,314655
17056,268261
5124,548
18906,545
5828,533
18328,391665
13233,99642
18923,567
18925_700,569
18924,568
18920,563
18921,564
5313,391673
18913,556
11023,157794
5825,509
18858,505
11989_5446,507
7893,500
16167,2086
7666,2085
20475,99688
34142,556955
16159,2074
16129,2070
18884,529
18879,525
6941,31205
19339,8
18950,6
18077,3392
17775,31202
17776,31204
16087,2062
16832,261102
16331,2176
16299,2165
18471,411777
34024,536545
16621,248111
5711,2140
16292,2149
16291,2145
16561,238769
17291,284388
16468,230800
16264_5543_21176_21177,2137
16256,2136
16372,221098
18106,3467
16290,2139
16238,2126
17471_17469_17468_17563,295032
5116,3452
15171,103910
19104,71272
19105,71273
16370,221074
18095,3448
18476,412217
19102,71267
18092,3437
16219,2104
18091,3433
19108,71276
19209,79139
16558,238722
18204,363659
18089,3426
18469,411703
19205,79129
18696,454887
18085,3405
18086,3406
19203,79126
903,36899
5091,140896
18870,51608
15672,1681
15663,1672
9278,71212
19101,71213
19100,71211
17579,2995
18203,363618
19212,79152
15614_6565,1656
18349,397941
17823,314769
15774,1759
15773,1757
16489,231237
44618,485350
16490,231242
16491,231249
17325,289266
19412,85198
18770,474
18781,477
17366,29072
18725,459074
18724,459070
16487,231222
18851,493
18853,495
18895,54028
8742_18542_28226,42738
18830,482
18556,43393
18800,478
19790,94093
15420,141291
18541,427
9071,94088
18493,423
100189,425
18709,457260
4114,284400
18683,454
16564,240112
19786,94066
18608,441
20488,99750
18631,444
19784,94063
19783,94058
20487,99748
17215,280062
19406,85168
19408,85175
16996,263665
19405,85162
18459,408
18408,400
17298,284454
16349,2185
16346,2183
18243,369847
16459,228402
19067,69061
18824,48104
16461,228415
16417,2271
15753,171881
7667,251639
16699,251643
16407,2260
16698,251636
16414,2266
17140,275543
18018,330001
16393,2250
6372,251623
5081,275555
16395,2253
20482,99735
20483,99736
18656,447896
16392,2246
20479,99725
2728,69077
5060_4510_3591,69078
16386,2235
16385,2233
18705,457205
17213,279947
16380,2221
17258,280921
16546,238606
18153,35687
19725,93552
16353,2201
18566,435804
18490,420794
18736,464329
19365,83317
24472,83313
18297,371364
15824,1794
34021,536471
12359,231154
18253,370010
17577,29822
17048,26790
15780,1775
15779,1772
15782,1779
19263,79278
15781,1778
15193_18221,1041
19804,95430
20283_6651,98715
20127,98497
15945,183422
17578,298644
16003,1902
19376,83476
15760_18908_15759,547
19213,79158
17276,282
17795,314419
2544_16695_18744_2543_2540,46484
15864,180234
18364,398934
18898,542
19464,86864
3541_870,513
17814,314684
18905_17601_6117_6268_6428,544
17210,279922
3327_3325,251877
18078,3394
15254,1247
18882,52759
6918,280892
17768,310
5215,494418
2571,46135
16747,252050
21169,675396
15531_17025_18310_17036_17029,389
17827,3148
19496,877
21054,223727
5744,876
5058,64720
2522,66627
16541,238547
37939,738
2631_2628_2620,668
17590,300557
16718,251899
5615,86855
15925_17031_17030_17034,182095
18201,363579
5005,319276
18191,363472
5040,3399
18171,35807
18509,423968
18534,424975
16096,206538
5440,180226
18666,449
16700,251646
17885,319303
4187,477742
17387_4060_4105_4521,293202
3266,301
17853,31740
20076,98274
20213,98626
15691,168956
15455,1482
5631,457095
17594,300842
15447,146
3308,50251
15667,167714
19453,86836
18087,341
16708,251852
18521,424039
19362,83314
16075,2034
17137,2737
20325,98841
6861,86850
6335,454723
5893,506098
19473,86880
18079,3398
15867,180247
565,570762
18926,56970
18215,36388
21005,915
19685,93420
17824,314777
17139,2749
17132,271861
19211,79143
16227,211062
100309,183518
15262,1293
17266,281103
18591,439254
18075,3388
17435,294963
20212,98625
17922,3231
6618,493342
16516,2333
15990,1866
100184,2102
16365,2207
19452,86830
16643,250
17604,300912
34217,566243
19575,90368
15947_17262_17263,183435
17339,289586
18453,404560
2921_19952_18701,97245
18949,599
18010_20122,98482
15459,150
5342,34145
17136,2733
20478,99718
845,249
20496,99810
15924,182090
19629,91490
15087,100979
17059,268357
8813,2356
17329,289365
20044_20046_15244_20047,1172
16987,263440
18479_19847_23601_60783,418
15129_15130,101959
19175,77240
18677,450
15369,140874
15167,295000
20528,99892
15778,177107
15722,98434
18944,59305
6825,454745
17390,293355
16121,206973
16578,2443
15204,1083
17708,309025
16543,238583
17320,2880
16540,238536
19662,93269
20291,98723
18554,431353
20504,99845
17720,309152
18662,448242
19856,95714
15611,165
16160,2076
16088,206428
19948,97239
136,2340
17057,268322
5115,98819
17090,268926
19010,657
19071,69084
15088,100980
18024,330058
8264_19511,34149
17627,306530
14471,254913
15487,1561
153,216675
16602,247582
17173,276234
19806,95432
20702_44742,312
16599,247511
18827,481662
18162,35705
17898,319539
18151,35656
10293,98813
20078,98277
16542,238569
13229,166412
19394,84081
44655,497623
7101,353220
19577,90390
19138,73271
16991,263524
17897,319535
17899,319543
20075,98267
18319,391384
17052,268162
18869,51577
17148,275777
18338,397596
18337,397593
16589,247198
20506,99853
10033,263543
8429,85191
18340,397692
12815,313838
15031,100002
19624_15055_15056,91385
19457,86846
17287,596448
15540,158032
20334,98851
18762,467
15758,171901
18745,46485
16749,252057
5725,210
16175,209
18246,369886
17094,268950
16686,251595
16744,252028
17150,275791
17474,295044
17475,295047
18897,541
17834,314962
18872,518
18365,398940
15183,104008
18918,56044
18170,357502
16586,2467
18675,449563
19853,95711
17152,275803
19605_19991,91137
20077_20313,98275
20743,530995
18988,64734
15451,1464
15236,1132
17300,2846
18172,35808
7379,98954
5504_1479,1679
5838,2459
6687,353253
22825,519384
16086,563991
11090,306527
5988,3343
18500,423717
20831,521438
16470,230857
5968,826
44067,636945
17167,276145
11071,71290
16384,2230
5974,76
15057,100057
19013,658
15808,178512
15809,178517
20329,98845
15274,133
17600,300878
17327,289356
20543,99917
16684,251589
18324,391490
18752,466650
5223,98832
5224,98833
15166,102724
18256,370026
18433,402014
20320,98834
18193_6448,363483
20513,99865
18741,464458
6210_891,401920
18533,424970
5769,3020
4745,140949
18184,36273
18487,420699
16566,2404
41186,658584
17944,324648
19558_4706,90281
18353,398063
17863,31828
18754,466670
5692,50839
19359,83311
5888,660053
19360,83312
19198,79098
5894,73260
18673,449427
16682,251579
16687,251598
16690,251607
16696,251630
16705,251671
16707,251679
17597,300857
20323,98838
18613,442582
20544,99918
5714_5821_333,499009
19441,85451
6583,542592
20545,99919
15523,157791
16222,210584
16236,2122
18712,458758
18713,458763
16266,213716
19474,86882
15573,163525
100135,33069
17791,314029
5662,1223
16097,206546
43797,90058
18136,352734
18137,352737
19467,86870
16681,251576
20316,98829
19088,70568
19007,65681
17086,268861
17060,268363
17061,268366
5220,247203
16359,220407
18021,330029
18198,363549
20540,99914
19736,93571
18247,369942
17602,300895
16607,247685
16605,247623
19471,86875
16588,247165
18805,480501
16442,228254
4977,86886
19468,86871
17892,319332
16272,213746
13296,168953
15689,168947
15690,168950
19451,86829
17054,268184
5813,86900
18537,424996
19636,93100
17149,275786
18011_16099,206572
20359,98948
19197,79097
20328,98844
20330,98846
20563,99970
15032,100003
17077,268813
16202,209867
20368,98978
20312,98824
18023,330041
17110_17111,217
17117,269510
18980,64542
18535,424982
18270,370334
11615,391320
18649,447788
20494,99806
18472,411788
18492,422526
19202,79105
18485,420429
19458,86849
9010,2299
15635,166286
16577,244283
18447,404507
16242,2132
16243,2133
19537,90039
17151,275798
16776,254492
19075,69737
17317,2874
13941,99646
20530,99898
5797,90081
19472,86879
18343,397750
18344,397755
17940_18567_44625,64746
16985,263432
18663,448267
18160,357027
20404,99063
20326,98842
17598,300865
19980,97362
19159,75566
18765,468635
16611,247762
5851,98919
19208,79138
10085,59298
20382,99003
20485,99741
15250,1217
18450,404521
19469,86872
15988_19982_19981,1851
16322,217560
16979,263347
16839,261257
100289,53540
19780,93976
18072,3384
17165,276066
19177,77295
16597,247353
16976,263331
16977,263335
16978,263339
17391,293375
17392,293462
17079,268820
17080,268823
18952,60014
18477,415286
15545,158061
18346,397922
16050,199348
15084,100974
19644,93172
19645,93173
16786,254693
20327,98843
18017,329984
3258,675362
17386_4233_4513,293199
4672,658909
5198_6274,137583
5312,217067
5705,658917
5708,83595
5710,168966
5764,86902
5774,659908
5802,401
5895,658913
5916,662721
5969,83484
5991,64694
6033,497188
6079,314422
6183,71274
6606,352763
7413,2674
8565,93953
8718,83467
10786,1670
11253,1524
11331,264688
11524,275523
11620,85188
11723,141148
11856,168552
11884,307936
15042,100021
15043,100022
15086,100978
15169,103907
15200,1070
15232,1121
15235,1130
15260,128
15271,1320
15295,137622
15296,137628
15306,137839
15344,139423
15349,139447
15351,139512
15387,141083
15390,141099
15393,141115
15396,141124
15399,141163
15410,141219
15528,157826
15543,158048
15544,158057
15585,163708
15595,163921
15608,164726
15622,165955
15623,165958
15632,166105
15636,166291
15675,1685
15678,168621
15692,168960
15694,168999
15702,169157
15801,178396
15844,180142
15873,180275
15997,1884
16026,1943
16029,1957
16040,199282
16041,199293
16048,199326
16049,199329
16077,2037
16103,206599
16204,209919
16207,209959
16208,209964
16213,210133
16251,213557
16283,213807
16284,213812
16302,216718
16303,216729
16306_16307_16308_16309_16310,646
16312,217064
16321,217557
16350,2186
16376,221142
16421,227972
16424,228012
16429,228157
16437,228227
16441,228247
16443,228264
16444,228272
16446,228285
16447,228290
16448,228293
16449,228299
16455,228379
16503,231573
16510,231742
16522,2351
16530,2372
16539,238523
16544,238593
16549,238642
16552,238654
16559,238763
16570,2420
16571,2427
16598,247378
16606,247638
16622,2482
16656,251061
16661,251304
16662,251307
16672,251380
16683,251582
16757,252212
16771_16772_16773,254411
16774,254463
16787,254698
16818,2558
16835,261229
16861,261600
16863,261638
16984,263425
16986,263435
16989,263479
17018,264691
17039,264978
17044,2666
17050,268139
17081,268826
17082,268829
17087,268865
17088,268868
17105,269197
17107_17108_17109,269203
17116,269505
17124,2700
17153,275808
17154,275813
17155,275823
17156,275828
17164,275944
17170,276174
17188,276603
17204,279894
17205,279897
17209,279919
17211,279925
17212,279928
17231,280379
17235,280403
17237,280598
17239,280628
17292,284395
17299,284460
17326,289347
17330,289385
17353,289857
17354,289860
17357,289877
17384,293173
17388,293208
17395,293812
17418,294422
17585,300501
17586,300504
17587,300512
17589,300552
17591,300564
17603,300903
17628,306553
17712,309111
17781,313884
17784,313920
17785,313936
17789,314017
17790,314022
17793,314041
17798,314432
17799,314451
17800,314459
17801,314466
17803,314566
17804,314572
17807,314613
17812,314662
17818,314718
17819,314721
17833,314950
17835,314970
17839,315306
17840,315311
17849,3167
17862,31827
17901,319569
17902,319574
17903,319589
17906,319635
17925,324294
17926,324299
17929,324353
17930,324364
17931,324381
17942,324632
17943,324636
17948,324718
17958,324972
17992,329173
17993,329217
17997,3293
18008,329874
18009,329883
18014,329942
18016,329977
18022,330032
18039,331235
18064,3365
18084,3403
18124,352540
18125,352587
18127,352629
18128,352636
18139,352763
18142,353314
18143,353320
18145,353334
18159,357008
18161,357034
18173,35889
18181,36236
18192,363478
18197,363534
18199,363558
18206,363677
18207,363680
18211,363746
18223,364033
18228,364198
18245,369881
18252,370002
18258,370039
18259,370046
18260,370052
18263,370076
18268,370127
18269,370131
18311,39
18314,391316
18315,391330
18316,391343
18317,391366
18339,397606
18357,398097
18358,398109
18359,398117
18361,398127
18362,398147
18382,399329
18430,401959
18439,402035
18460,40923
18480,418945
18481,418951
18484,420402
18489,420789
18494,423306
18504,423786
18507,423894
18523,424053
18547,43117
18548,43119
18552,431344
18581,438266
18583,438279
18586,439196
18603,440392
18617,443084
18623,443173
18625,443192
18629,443804
18642,447731
18651,447795
18654,447881
18655,447893
18671,449395
18672,449400
18674,449432
18676,449566
18678,450322
18679,451602
18680,451607
18688,454710
18689,454714
18697,456298
18702,457077
18703,457083
18706,457223
18735,464321
18737,464343
18739,464370
18742,464756
18750,466026
18757,466695
18759,466921
18761,466962
18763,467166
18766,468641
18767,468726
18769,472
18774,476096
18777,476119
18780,476406
18783,477650
18793,477781
18807,480512
18809,480524
18810,480528
18811,480531
18826,48162
18832,482077
18837,48435
18885,52994
18903,54368
18941,591
18983,64686
18987,64722
18991,64743
18992,64744
19025,66662
19029,67039
19034,674
19077,69745
19094,70596
19109,71279
19140,73423
19191,79078
19195,79091
19204,79127
19322,79479
19334,79644
19335,79651
19364,83316
19368,83451
19377,83482
19378,83483
19398,84132
19445,864
19449,86821
19461,86852
19462,86854
19465,86867
19466,86869
19470,86873
19479,86896
19488,86913
19493,874
19494,875
19498,879
19545,90069
19580,90395
19581,90396
19582,90397
19583,90398
19584,90399
19585,90400
19604,91136
19607,91140
19621,91359
19626,91397
19669,93297
19732,93561
19789,94087
19878,96095
19932,96269
19971,97338
19976,97353
19979,97361
19983,97366
20007,980
20317,98831
20385,99042
20427,99094
20428,99095
20442,99111
20452,99123
20532,99903
20533,99905
20554,99932
20567,99981
20569,99989
20659,598216
21133,599513
21134,599501
21588,658590
22513,658810
22772_23067,33276
22986,617916
23000,3262
24326,675814
24686,66627
25514,542643
33853,521432
33856,521450
33954,529468
33968,529977
33980,530792
34041,538101
34103,544482
34110,544628
34127,555905
34143,556985
34146,557056
34147,557064
34150,558411
34189,562639
34212,565782
34216,566231
34987,580572
35004,583595
35008,583856
35009,583861
35117,589515
35121,589542
35122,589547
35124,589608
35133,589905
35136,590539
35892,94091
36918,99710
43257,636955
43330,521219
43349,673525
43361,675404
43373,90059
44406,3200
44617,482606
44619,485358
44622,485418
44624,487809
44626,488191
44627,488239
44632,494424
44633,494428
44635,494444
44642,495844
44644,495879
44645,495930
44647,496686
44649,496693
44656,497737
44657,497757
44675,498481
44682,498693
44690,499107
44709,502305
44717,502437
44727,506112
44791,529852
44877,623626
100021,166409
100025,293181
100115,623801
100116,576074
