drug_index,disease_index
14014,30813
14017,36707
14017,27292
14017,28811
14017,27286
14018,30813
14018,33293
14019,32132
14019,32217
14019,27219
14019,31714
14019,83765
14019,39202
14019,33453
14019,33232
14019,32905
14019,32719
14019,83771
14019,32505
14019,32980
14019,28754
14019,27830
14019,33476
14019,27513
14019,38323
14019,31039
14019,28790
14019,31218
14020,32217
14020,27219
14020,31714
14020,83765
14020,39202
14020,33453
14020,33232
14020,32905
14020,30813
14020,32980
14021,30813
14021,32980
14021,83891
14023,32132
14023,32217
14023,27219
14023,31714
14023,83765
14023,39202
14023,33453
14023,33232
14023,32905
14023,32719
14023,83771
14023,32505
14023,32980
14024,32132
14024,32217
14024,27219
14024,31714
14024,83765
14024,39202
14024,33453
14024,33232
14024,32905
14024,32719
14024,83771
14024,32505
14025,30813
14026,32217
14026,27219
14026,31714
14026,83765
14026,39202
14026,33453
14026,33232
14026,32905
14026,32980
14028,32217
14028,27219
14028,31714
14028,83765
14028,39202
14028,33453
14028,33232
14028,32905
14028,32719
14028,32980
14028,83891
14029,30813
14029,32980
14030,36707
14030,32132
14030,32217
14030,27219
14030,31714
14030,83765
14030,39202
14030,33453
14030,33232
14030,32905
14030,32719
14030,83771
14030,32505
14030,27292
14030,28811
14030,27286
14030,32980
14032,30813
14033,32217
14033,27219
14033,31714
14033,83765
14033,39202
14033,33453
14033,33232
14033,32905
14034,32132
14034,32217
14034,27219
14034,31714
14034,83765
14034,39202
14034,33453
14034,33232
14034,32905
14034,30813
14034,32719
14034,83771
14034,32505
14036,30813
14038,30813
14042,32217
14042,27219
14042,31714
14042,83765
14042,39202
14042,33453
14042,33232
14042,32905
14042,32719
14042,32980
14050,36707
14050,27292
14050,28811
14050,27286
14052,32967
14052,28921
14052,29946
14052,31502
14053,28921
14053,29946
14053,31502
14058,32719
14058,33534
14058,36527
14058,37967
14058,37150
14058,83818
14058,37082
14058,39603
14058,83822
14058,32394
14058,33064
14058,29646
14059,32217
14059,27219
14059,31714
14059,83765
14059,39202
14059,33453
14059,33232
14059,32905
14059,30813
14059,38515
14059,30602
14059,27648
14059,27878
14059,32584
14059,38513
14060,32217
14060,27219
14060,31714
14060,83765
14060,39202
14060,33453
14060,33232
14060,32905
14060,30813
14060,38515
14060,30602
14060,27648
14060,27878
14060,32584
14060,38513
14111,30990
14111,39208
14111,83785
14111,83786
14127,32719
14128,33534
14128,32967
14128,28921
14128,29946
14128,31502
14128,28042
14128,30612
14131,31502
14131,30612
14132,33534
14132,32928
14132,37405
14132,31502
14132,30813
14132,38515
14132,30602
14132,27648
14132,27878
14132,32584
14132,38513
14132,83867
14132,30612
14134,27361
14135,37405
14136,33459
14136,83838
14136,32149
14136,30669
14137,36707
14137,31618
14137,32313
14137,27292
14137,28811
14137,27286
14137,31650
14137,83837
14137,32841
14137,33342
14137,32778
14138,37405
14138,32746
14138,32299
14139,31650
14139,83837
14139,32841
14139,33342
14139,32778
14139,32999
14140,28396
14140,31524
14140,33454
14140,33449
14140,27468
14140,27740
14140,30879
14140,30184
14140,29188
14140,83909
14140,27645
14141,36707
14141,33534
14141,31618
14141,32313
14141,33449
14141,27468
14141,27740
14141,30879
14141,30184
14141,29188
14141,83909
14141,27664
14142,33534
14142,31650
14142,83837
14143,32719
14143,31033
14143,29118
14143,36825
14143,36123
14143,32973
14148,28396
14148,31524
14148,83894
14149,36707
14149,33534
14149,36527
14149,37967
14149,37150
14149,83818
14149,37082
14149,39603
14149,83822
14149,33064
14149,29646
14149,84177
14149,84228
14150,28396
14150,31524
14150,32719
14150,31618
14150,32313
14150,30813
14150,38515
14150,30602
14150,27648
14150,27878
14150,32584
14150,38513
14150,31650
14150,83837
14150,32841
14150,33342
14150,32778
14150,83894
14150,32076
14151,36707
14151,32719
14151,33534
14151,36527
14151,37967
14151,37150
14151,83818
14151,37082
14151,39603
14151,83822
14151,32394
14151,33064
14151,29646
14152,33534
14153,36707
14153,32132
14155,36836
14156,28396
14156,31524
14156,36707
14156,31618
14156,32313
14156,32778
14156,33454
14156,28547
14156,28375
14157,32719
14157,30813
14157,38515
14157,30602
14157,27648
14157,27878
14157,32584
14157,38513
14158,33306
14158,28547
14160,32719
14160,32778
14161,28396
14161,31524
14161,32778
14161,33454
14161,28456
14161,33091
14161,33449
14161,27468
14161,27740
14161,30879
14161,30184
14161,29188
14161,83909
14161,28375
14162,33534
14163,39111
14163,83772
14163,83773
14163,29854
14163,28441
14163,27503
14163,27703
14164,31618
14164,32313
14165,32217
14165,27219
14165,31714
14165,83765
14165,39202
14165,33453
14165,33232
14165,32905
14165,30813
14165,38515
14165,30602
14165,27648
14165,27878
14165,32584
14165,38513
14165,27292
14165,27494
14167,28082
14168,33534
14171,32719
14171,28921
14171,31618
14171,32313
14171,30813
14171,38515
14171,30602
14171,27648
14171,27878
14171,32584
14171,38513
14171,83867
14171,33454
14171,33449
14171,27468
14171,27740
14171,30879
14171,30184
14171,29188
14171,83909
14171,30664
14173,32778
14174,27390
14174,27726
14176,28396
14176,31524
14176,32778
14176,33454
14176,28456
14176,33091
14176,33449
14176,27468
14176,27740
14176,30879
14176,30184
14176,29188
14176,83909
14176,28375
14177,28396
14177,31524
14177,33454
14177,28456
14177,33091
14178,28396
14178,31524
14178,33454
14178,28547
14178,28375
14179,33064
14181,28745
14182,32719
14182,27361
14182,30813
14182,38515
14182,30602
14182,27648
14182,27878
14182,32584
14182,38513
14182,83867
14182,32856
14182,27581
14184,27361
14187,36836
14187,29646
14187,33063
14188,31650
14188,83837
14190,31257
14191,32928
14192,27664
14193,32719
14193,28714
14194,36836
14196,33534
14196,31650
14196,83837
14198,33534
14199,27292
14199,28811
14199,27286
14199,30813
14199,38515
14199,30602
14199,27648
14199,27878
14199,32584
14199,38513
14200,39111
14200,83772
14200,83773
14200,29854
14200,28441
14201,27292
14201,28811
14201,27286
14202,33534
14203,32719
14203,33534
14203,36527
14203,37967
14203,37150
14203,83818
14203,37082
14203,39603
14203,83822
14203,32394
14203,33064
14204,33534
14205,28082
14206,36707
14206,27292
14206,28811
14206,27286
14208,32719
14208,33534
14208,36527
14208,37967
14208,37150
14208,83818
14208,37082
14208,39603
14208,83822
14208,32394
14208,31618
14208,32313
14208,33064
14208,29646
14211,36707
14211,32719
14211,33534
14211,36527
14211,37967
14211,37150
14211,83818
14211,37082
14211,39603
14211,83822
14211,32394
14211,33064
14211,29646
14212,39111
14212,83772
14212,83773
14212,29854
14212,28441
14212,31650
14212,83837
14212,27503
14212,27703
14212,32149
14212,30669
14215,33534
14216,32719
14216,31033
14216,29118
14216,36825
14216,36123
14216,32973
14217,28396
14217,31524
14217,33534
14218,28745
14220,28396
14220,31524
14220,83894
14221,36707
14221,32719
14221,33534
14221,36527
14221,37967
14221,37150
14221,83818
14221,37082
14221,39603
14221,83822
14221,32394
14221,33064
14221,29646
14222,32217
14222,27219
14222,31714
14222,83765
14222,39202
14222,33453
14222,33232
14222,32905
14222,30813
14222,38515
14222,30602
14222,27648
14222,27878
14222,32584
14222,38513
14223,28396
14223,31524
14223,83894
14223,33454
14223,33449
14223,27468
14223,27740
14223,30879
14223,30184
14223,29188
14223,83909
14223,28547
14223,28375
14228,33459
14228,83838
14228,32149
14228,30669
14229,30813
14229,30990
14229,39208
14229,83785
14229,83786
14229,32980
14229,33449
14229,27468
14229,27740
14229,30879
14229,30184
14229,29188
14229,83909
14230,27292
14230,28811
14230,27286
14231,36836
14234,28456
14235,36707
14235,30813
14235,32719
14235,33534
14235,36527
14235,37967
14235,37150
14235,83818
14235,37082
14235,39603
14235,83822
14235,32394
14235,31618
14235,32313
14235,33064
14235,29646
14235,84177
14235,84228
14237,30813
14237,32980
14238,33091
14238,33302
14241,28396
14241,31524
14241,31650
14241,83837
14241,32778
14241,33454
14245,31618
14245,32313
14245,31650
14245,83837
14246,36707
14246,31618
14246,32313
14249,32719
14249,37405
14249,30813
14249,38515
14249,30602
14249,27648
14249,27878
14249,32584
14249,38513
14249,31650
14249,83837
14249,83867
14249,32841
14249,33342
14249,32778
14249,27503
14249,27703
14249,28714
14249,32076
14250,33534
14251,28082
14251,32942
14251,36425
14251,31519
14251,27460
14251,30543
14251,30222
14251,27664
14251,27980
14251,31313
14251,27452
14251,32562
14251,39099
14251,32319
14251,29333
14251,84332
14255,39111
14255,83772
14255,83773
14255,29854
14255,33534
14255,28441
14256,30813
14256,32967
14256,28042
14257,28396
14257,31524
14257,84059
14258,31650
14258,83837
14258,84059
14259,32217
14259,27219
14259,31714
14259,83765
14259,39202
14259,33453
14259,33232
14259,32905
14259,30813
14259,38515
14259,30602
14259,27648
14259,27878
14259,32584
14259,38513
14263,32217
14263,27219
14263,31714
14263,83765
14263,39202
14263,33453
14263,33232
14263,32905
14267,36707
14267,32928
14268,36707
14268,32719
14268,33534
14268,36527
14268,37967
14268,37150
14268,83818
14268,37082
14268,39603
14268,83822
14268,32394
14268,33064
14268,29646
14269,32132
14269,32217
14269,27219
14269,31714
14269,83765
14269,39202
14269,33453
14269,33232
14269,32905
14269,32719
14269,83771
14269,32505
14269,32980
14270,36707
14270,30813
14270,32719
14270,33534
14270,36527
14270,37967
14270,37150
14270,83818
14270,37082
14270,39603
14270,83822
14270,32394
14270,33064
14270,29646
14271,39111
14271,83772
14271,83773
14271,29854
14271,33534
14271,28441
14271,33449
14271,27468
14271,27740
14271,30879
14271,30184
14271,29188
14271,83909
14272,32217
14272,27219
14272,31714
14272,83765
14272,39202
14272,33453
14272,33232
14272,32905
14273,36425
14273,31637
14273,84251
14274,33534
14274,33306
14275,27292
14275,28811
14275,27286
14276,36707
14276,39111
14276,83772
14276,83773
14276,29854
14276,33534
14276,31723
14276,28441
14276,32928
14276,37405
14276,31650
14276,83837
14276,31033
14276,28456
14276,83969
14276,28547
14279,36707
14279,27292
14279,28811
14279,27286
14280,32217
14280,27219
14280,31714
14280,83765
14280,39202
14280,33453
14280,33232
14280,32905
14280,30813
14280,38515
14280,30602
14280,27648
14280,27878
14280,32584
14280,38513
14280,27292
14281,30813
14281,32980
14282,39111
14282,83772
14282,83773
14282,29854
14282,33534
14282,37405
14283,37405
14283,33449
14283,27468
14283,27740
14283,30879
14283,30184
14283,29188
14283,83909
14283,28082
14283,27664
14284,37405
14284,33449
14284,27468
14284,27740
14284,30879
14284,30184
14284,29188
14284,83909
14284,31144
14284,29955
14284,28745
14286,36707
14286,32928
14286,27664
14287,32719
14287,33534
14287,30813
14287,38515
14287,30602
14287,27648
14287,27878
14287,32584
14287,38513
14287,33306
14287,30612
14288,28082
14290,33654
14290,28547
14291,36707
14291,31650
14291,83837
14291,31033
14291,27503
14291,27703
14291,28082
14292,31650
14292,83837
14292,33342
14292,32778
14293,32217
14293,27219
14293,31714
14293,83765
14293,39202
14293,33453
14293,33232
14293,32905
14293,30813
14293,38515
14293,30602
14293,27648
14293,27878
14293,32584
14293,38513
14293,27292
14294,36707
14294,31618
14294,32313
14296,27361
14297,32719
14297,37405
14298,32719
14298,37405
14299,33454
14299,28456
14299,33091
14301,36707
14302,32719
14302,36836
14302,37548
14304,32217
14304,27219
14304,31714
14304,83765
14304,39202
14304,33453
14304,33232
14304,32905
14304,30813
14304,38515
14304,30602
14304,27648
14304,27878
14304,32584
14304,38513
14305,28396
14305,31524
14305,83894
14306,32217
14306,27219
14306,31714
14306,83765
14306,39202
14306,33453
14306,33232
14306,32905
14306,30813
14306,38515
14306,30602
14306,27648
14306,27878
14306,32584
14306,38513
14306,33464
14306,27292
14306,27494
14309,37405
14309,31650
14309,83837
14309,33449
14309,27468
14309,27740
14309,30879
14309,30184
14309,29188
14309,83909
14310,28396
14310,31524
14310,31618
14310,32313
14311,28082
14312,33459
14312,83838
14314,28396
14314,31524
14314,30813
14314,32719
14314,38515
14314,30602
14314,27648
14314,27878
14314,32584
14314,38513
14314,32778
14315,31650
14315,83837
14315,33459
14315,83838
14315,32149
14315,30669
14315,27428
14317,39111
14317,83772
14317,83773
14317,29854
14317,33534
14317,28441
14319,27361
14320,32132
14320,32217
14320,27219
14320,31714
14320,83765
14320,39202
14320,33453
14320,33232
14320,32905
14320,32719
14320,83771
14320,32505
14320,32980
14321,28396
14321,31524
14321,31033
14322,33459
14322,83838
14322,32149
14322,30669
14323,28396
14323,31524
14323,33454
14323,33449
14323,27468
14323,27740
14323,30879
14323,30184
14323,29188
14323,83909
14324,31144
14324,29955
14325,33459
14325,83838
14325,33188
14326,27361
14327,33534
14327,83969
14330,33534
14330,33449
14330,27468
14330,27740
14330,30879
14330,30184
14330,29188
14330,83909
14331,30664
14336,36707
14336,32719
14336,33410
14336,32737
14336,37405
14336,31618
14336,32313
14336,30813
14336,38515
14336,30602
14336,27648
14336,27878
14336,32584
14336,38513
14336,31650
14336,83837
14336,83867
14336,32841
14336,33342
14336,32778
14336,27503
14336,27703
14336,28714
14336,32076
14336,30274
14338,37405
14338,33449
14338,27468
14338,27740
14338,30879
14338,30184
14338,29188
14338,83909
14338,27664
14340,27361
14340,83867
14340,33306
14342,31618
14342,32313
14343,36707
14344,36707
14346,27361
14347,36707
14347,27292
14347,28811
14347,27286
14351,33454
14351,33449
14351,27468
14351,27740
14351,30879
14351,30184
14351,29188
14351,83909
14351,28547
14359,28921
14359,29946
14359,31502
14373,32719
14373,36836
14374,32719
14374,32737
14380,28396
14380,31524
14380,33454
14380,33449
14380,27468
14380,27740
14380,30879
14380,30184
14380,29188
14380,83909
14380,28375
14385,28426
14387,32719
14387,33534
14387,36527
14387,37967
14387,37150
14387,83818
14387,37082
14387,39603
14387,83822
14387,32394
14387,33064
14387,29646
14402,32719
14402,37405
14405,33654
14424,27361
14424,27292
14424,28811
14424,27286
14424,31650
14424,83837
14424,32841
14424,33342
14424,32778
14429,28921
14434,30813
14434,32980
14476,32719
14476,33534
14476,36527
14476,37967
14476,37150
14476,83818
14476,37082
14476,39603
14476,83822
14476,32394
14476,31618
14476,32313
14476,33064
14477,32719
14477,33534
14477,36527
14477,37967
14477,37150
14477,83818
14477,37082
14477,39603
14477,83822
14477,32394
14477,31618
14477,32313
14477,33064
14481,32719
14481,33534
14481,36527
14481,37967
14481,37150
14481,83818
14481,37082
14481,39603
14481,83822
14481,32394
14481,31618
14481,32313
14481,33064
14483,36707
14483,32719
14483,33534
14483,36527
14483,37967
14483,37150
14483,83818
14483,37082
14483,39603
14483,83822
14483,32394
14483,31618
14483,32313
14483,33064
14490,27292
14490,28811
14490,27286
14490,31168
14490,31502
14508,36707
14508,33534
14510,27361
14510,30094
14510,38047
14510,27527
14520,36707
14520,27292
14520,28811
14520,27286
14527,32719
14527,33534
14527,36527
14527,37967
14527,37150
14527,83818
14527,37082
14527,39603
14527,83822
14527,32394
14527,33064
14528,36707
14530,31033
14530,29646
14538,31650
14538,83837
14539,30664
14540,33454
14541,28396
14541,31524
14541,83894
14546,36707
14546,31168
14546,33454
14546,28547
14546,27645
14547,31650
14547,83837
14558,30813
14559,32967
14560,32967
14560,28921
14560,29946
14560,31502
14560,32841
14560,84059
14561,32967
14561,28921
14561,29946
14561,31502
14561,32841
14561,84059
14578,31033
14578,31144
14578,29955
14582,33534
14582,31650
14582,83837
14589,32778
14589,28042
14590,31618
14590,32313
14591,32967
14591,84059
14591,31918
14595,27581
14595,28714
14596,33091
14596,33302
14597,27292
14597,28811
14597,27286
14597,31168
14599,37613
14603,32217
14603,27219
14603,31714
14603,83765
14603,39202
14603,33453
14603,33232
14603,32905
14603,30813
14603,38515
14603,30602
14603,27648
14603,27878
14603,32584
14603,38513
14603,27292
14604,36836
14605,33534
14606,28396
14606,31524
14628,31033
14629,33534
14629,31918
14629,32733
14632,32537
14636,28396
14636,31524
14640,32719
14640,36836
14640,33449
14640,27468
14640,27740
14640,30879
14640,30184
14640,29188
14640,83909
14643,27361
14644,31618
14644,32313
14644,28588
14645,32967
14645,84059
14645,31918
14646,28921
14646,29946
14646,31502
14652,28042
14662,32967
14662,28921
14662,36836
14662,33348
14662,31519
14662,27460
14662,30543
14662,30222
14662,27664
14662,27980
14662,31313
14662,27452
14662,32562
14662,39099
14662,32319
14667,32967
14667,32841
14670,36707
14670,30813
14670,32719
14670,33534
14670,36527
14670,37967
14670,37150
14670,83818
14670,37082
14670,39603
14670,83822
14670,32394
14670,33064
14678,32967
14678,28921
14678,29946
14678,31502
14678,30612
14680,36707
14685,36707
14685,32719
14685,33534
14685,36527
14685,37967
14685,37150
14685,83818
14685,37082
14685,39603
14685,83822
14685,32394
14685,33064
14685,29646
14685,33512
14686,32719
14686,30813
14686,32455
14686,29924
14689,32967
14689,28042
14689,84059
14689,31918
14691,33534
14702,36707
14702,83899
14704,32967
14707,28921
14707,29946
14707,31502
14711,31033
14711,31144
14711,29955
14720,28082
14721,29946
14721,31033
14726,33534
14726,32967
14726,83867
14726,84059
14726,32733
14729,83899
14730,30813
14730,38515
14730,30602
14730,27648
14730,27878
14730,32584
14730,38513
14733,36707
14733,30813
14733,32719
14733,33534
14733,36527
14733,37967
14733,37150
14733,83818
14733,37082
14733,39603
14733,83822
14733,32394
14733,33064
14736,36836
14738,32319
14740,36836
14740,39580
14751,32967
14758,33306
14758,31257
14762,33534
14762,31650
14762,83837
14764,31033
14764,84251
14768,27361
14768,30094
14768,38047
14768,27527
14771,27452
14771,31033
14772,27292
14772,28811
14772,27286
14774,27361
14774,30094
14774,38047
14774,27527
14775,30813
14775,32980
14775,28754
14775,27830
14775,33476
14775,27513
14775,38323
14775,31039
14775,28790
14775,31218
14779,31650
14779,83837
14779,33449
14779,27468
14779,27740
14779,30879
14779,30184
14779,29188
14779,83909
14779,27664
14779,30511
14779,32099
14779,32123
14779,32986
14780,33449
14780,27468
14780,27740
14780,30879
14780,30184
14780,29188
14780,83909
14780,33306
14780,33063
14782,32967
14783,28396
14783,31524
14783,36707
14783,32719
14783,27361
14783,31618
14783,32313
14783,30813
14783,38515
14783,30602
14783,27648
14783,27878
14783,32584
14783,38513
14783,31650
14783,83837
14783,83867
14783,32841
14783,33342
14783,32778
14783,27503
14783,27703
14783,33306
14783,32856
14783,27581
14783,28042
14783,32076
14783,30612
14783,32797
14784,36707
14784,32719
14784,33410
14784,32737
14784,31618
14784,32313
14784,28714
14786,36707
14786,31650
14786,83837
14786,31033
14786,27503
14786,27703
14786,28082
14787,27292
14787,28811
14787,27286
14787,31168
14789,27503
14789,27703
14789,33449
14789,27468
14789,27740
14789,30879
14789,30184
14789,29188
14789,83909
14790,27292
14790,28811
14790,27286
14790,31168
14792,31650
14792,83837
14800,36707
14800,33534
14800,36527
14800,37967
14800,37150
14800,83818
14800,37082
14800,39603
14800,83822
14800,33064
14800,29646
14806,28396
14806,31524
14806,31033
14807,31650
14807,83837
14807,33654
14807,28547
14807,27559
14807,32712
14807,32609
14809,36707
14809,33534
14809,31723
14809,28547
14814,32719
14814,33534
14814,36527
14814,37967
14814,37150
14814,83818
14814,37082
14814,39603
14814,83822
14814,32394
14814,33064
14822,36707
14822,27292
14822,28811
14822,27286
14828,29390
14830,28396
14830,31524
14833,27361
14833,31033
14833,33306
14833,30612
14835,39111
14835,83772
14835,83773
14835,29854
14835,33534
14835,28441
14836,33534
14836,29854
14836,28441
14836,33228
14836,33225
14838,37405
14838,31650
14838,83837
14838,33459
14838,83838
14838,32149
14838,30669
14838,84059
14838,32719
14838,27548
14838,27315
14838,28595
14838,27704
14838,31123
14838,31262
14838,31818
14838,27735
14838,27375
14838,27805
14838,27650
14838,27762
14838,29368
14838,27586
14838,84273
14838,27674
14838,32408
14838,27733
14838,33487
14838,32448
14838,38381
14838,84275
14840,31650
14840,83837
14840,32841
14840,33342
14840,32778
14840,32999
14841,28396
14841,31524
14841,33454
14841,28547
14841,28375
14842,31650
14842,83837
14843,83899
14845,33534
14845,31650
14845,83837
14845,33449
14845,27468
14845,27740
14845,30879
14845,30184
14845,29188
14845,83909
14845,28082
14845,84059
14846,39111
14846,83772
14846,83773
14846,29854
14846,28441
14849,33449
14849,27468
14849,27740
14849,30879
14849,30184
14849,29188
14849,83909
14849,84174
14849,27710
14851,32076
14852,33534
14852,31650
14852,83837
14852,33449
14852,27468
14852,27740
14852,30879
14852,30184
14852,29188
14852,83909
14852,84059
14854,28547
14856,31650
14856,83837
14861,32178
14861,28610
14861,29484
14861,30038
14861,29999
14876,31218
14881,36707
14881,30813
14881,32719
14881,33410
14881,32737
14881,37405
14881,27361
14881,31618
14881,32313
14881,27292
14881,28811
14881,27286
14881,38515
14881,30602
14881,27648
14881,27878
14881,32584
14881,38513
14881,31650
14881,83837
14881,83867
14881,32841
14881,33342
14881,32778
14881,27503
14881,27703
14881,33454
14881,33306
14881,32856
14881,27581
14881,28042
14881,32076
14881,30664
14882,33091
14883,27292
14883,28811
14883,27286
14884,28396
14884,31524
14897,33302
14898,32719
14898,28921
14898,27361
14898,29946
14898,31502
14898,30813
14898,38515
14898,30602
14898,27648
14898,27878
14898,32584
14898,38513
14898,83867
14898,27503
14898,27703
14898,33306
14898,32856
14898,27581
14899,33091
14899,33302
14900,33091
14900,33302
14901,33302
14902,33302
14909,36836
14909,27292
14909,28811
14909,27286
14910,36707
14910,32928
14911,32828
14911,30511
14913,28396
14913,31524
14913,33454
14921,28042
14924,28396
14924,31524
14926,84059
14932,32967
14932,84059
14932,31918
14934,36425
14936,36707
14936,31650
14936,83837
14937,28921
14937,83894
14937,27684
14938,33534
14938,83969
14939,27361
14940,30813
14940,32719
14940,27361
14940,32980
14940,28547
14940,27559
14940,32712
14940,32609
14943,36707
14943,32719
14943,33534
14943,36527
14943,37967
14943,37150
14943,83818
14943,37082
14943,39603
14943,83822
14943,32394
14943,33064
14943,29646
14944,32719
14944,39111
14944,83772
14944,83773
14944,29854
14944,33534
14944,28441
14944,37405
14944,31033
14947,37405
14948,32076
14949,33449
14949,27468
14949,27740
14949,30879
14949,30184
14949,29188
14949,83909
14949,27664
14949,27843
14949,27950
14951,31650
14951,83837
14952,32719
14952,33454
14952,33449
14952,27468
14952,27740
14952,30879
14952,30184
14952,29188
14952,83909
14952,28547
14952,27645
14955,31033
14955,27530
14956,28456
14956,33449
14956,27468
14956,27740
14956,30879
14956,30184
14956,29188
14956,83909
14956,27664
14956,27843
14961,37405
14962,28396
14962,31524
14962,83894
14962,28456
14964,32942
14964,36425
14964,31519
14964,27460
14964,30543
14964,30222
14964,27664
14964,27980
14964,31313
14964,27452
14964,32562
14964,39099
14964,32319
14964,29978
14964,38802
14966,31723
14966,33299
14966,27361
14968,31524
14969,32928
14971,28921
14971,83894
14972,32719
14973,30813
14973,29457
14973,33179
14973,33555
14973,27843
14974,28921
14974,83894
14975,36836
14975,33210
14975,32942
14975,37151
14975,33510
14975,84143
14975,83826
14975,39297
14975,84144
14975,84147
14975,35701
14975,84149
14975,37184
14975,84151
14975,84153
14975,32636
14975,36425
14976,31618
14976,32313
14976,31650
14976,83837
14978,33654
14978,27494
14979,33449
14979,27468
14979,27740
14979,30879
14979,30184
14979,29188
14979,83909
14979,27664
14981,28396
14981,31524
14981,30813
14981,32719
14981,32778
14982,31618
14982,32313
14984,39111
14984,83772
14984,83773
14984,29854
14984,28441
14987,37405
14988,33454
14988,33449
14988,27468
14988,27740
14988,30879
14988,30184
14988,29188
14988,83909
14988,28547
14988,28375
14990,32719
14990,33410
14990,32737
14990,27361
14990,30813
14990,38515
14990,30602
14990,27648
14990,27878
14990,32584
14990,38513
14990,31650
14990,83837
14990,83867
14990,32841
14990,33342
14990,32778
14990,27503
14990,27703
14990,33306
14990,32856
14990,27581
14990,32076
14993,36707
14993,32719
14993,33534
14993,33410
14993,32967
14993,32737
14993,27361
14993,31618
14993,32313
14993,31650
14993,83837
14993,83867
14993,32841
14993,33342
14993,32778
14993,33449
14993,27468
14993,27740
14993,30879
14993,30184
14993,29188
14993,83909
14993,33306
14993,32856
14993,27581
14993,28714
14993,32076
14993,27664
14993,32797
14995,36707
14995,31650
14995,83837
14995,31033
14995,27503
14995,27703
14995,28082
14999,28396
14999,31524
14999,32719
14999,33454
14999,33449
14999,27468
14999,27740
14999,30879
14999,30184
14999,29188
14999,83909
14999,28375
14999,27645
15000,36836
15001,28396
15001,31524
15001,83894
15001,33454
15001,33449
15001,27468
15001,27740
15001,30879
15001,30184
15001,29188
15001,83909
15001,28547
15001,28375
15001,39455
15001,27645
15002,30813
15002,32719
15003,32217
15003,27219
15003,31714
15003,83765
15003,39202
15003,33453
15003,33232
15003,32905
15003,32719
15003,31650
15003,83837
15003,32980
15003,83891
15006,28396
15006,31524
15006,83894
15006,33454
15006,28375
15012,36836
15012,37151
15012,33510
15012,84143
15012,83826
15012,39297
15012,84144
15012,84147
15012,35701
15012,84149
15012,37184
15012,84151
15012,84153
15012,32636
15013,32217
15013,27219
15013,31714
15013,83765
15013,39202
15013,33453
15013,33232
15013,32905
15013,30813
15014,27684
15015,31524
15026,29646
15026,33512
15052,30664
15064,32217
15064,27219
15064,31714
15064,83765
15064,39202
15064,33453
15064,33232
15064,32905
15064,30813
15064,32980
15073,33454
15073,28456
15073,33091
15074,36707
15074,31618
15074,32313
15075,27390
15075,27726
15077,28396
15077,31524
15077,36836
15077,33063
15078,83867
15078,33091
15079,31650
15079,83837
15082,33454
15082,28456
15082,33091
15084,30813
15084,32980
15085,36707
15085,27292
15085,28811
15085,27286
15087,33454
15087,28456
15087,36836
15087,33091
15088,32719
15088,30813
15088,38515
15088,30602
15088,27648
15088,27878
15088,32584
15088,38513
15088,31650
15088,83837
15088,32778
15088,28547
15088,27559
15088,32712
15088,32609
15089,36707
15089,32719
15089,33410
15089,32737
15089,27361
15089,31618
15089,32313
15089,30813
15089,38515
15089,30602
15089,27648
15089,27878
15089,32584
15089,38513
15089,83867
15089,27503
15089,27703
15089,33454
15089,33306
15089,32856
15089,27581
15089,27843
15089,30664
15091,83867
15092,36836
15093,28396
15093,31524
15093,32778
15093,33454
15093,33449
15093,27468
15093,27740
15093,30879
15093,30184
15093,29188
15093,83909
15093,27559
15093,32712
15093,32609
15093,37613
15094,28396
15094,31524
15094,33091
15095,28396
15095,31524
15095,33534
15095,31650
15095,83837
15098,28396
15098,31524
15098,33454
15098,28547
15098,28375
15099,31618
15099,32313
15100,28396
15100,31524
15100,31650
15100,83837
15100,32841
15100,33342
15100,32778
15100,33454
15100,32076
15100,28547
15100,28375
15103,39111
15103,83772
15103,83773
15103,29854
15103,31650
15103,83837
15104,30813
15104,32719
15104,33410
15104,32737
15104,37405
15104,31618
15104,32313
15104,27292
15104,28811
15104,27286
15104,38515
15104,30602
15104,27648
15104,27878
15104,32584
15104,38513
15104,31650
15104,83837
15104,83867
15104,32841
15104,33342
15104,32778
15104,31168
15104,27503
15104,27703
15104,33454
15104,28042
15104,32076
15104,30664
15105,31650
15105,83837
15108,28396
15108,31524
15108,83894
15110,28396
15110,31524
15110,33454
15110,28547
15110,28375
15112,28396
15112,31524
15112,27361
15112,83867
15112,32778
15112,33306
15112,32856
15112,27581
15114,28396
15114,31524
15114,33454
15116,33454
15116,28456
15116,33091
15119,28396
15119,31524
15121,32719
15121,33449
15121,27468
15121,27740
15121,30879
15121,30184
15121,29188
15121,83909
15124,31650
15124,83837
15124,32841
15124,33342
15124,32778
15124,32999
15125,32778
15127,28396
15127,31524
15127,32778
15127,33454
15127,28547
15127,28375
15130,27361
15131,28396
15131,31524
15131,33454
15131,33449
15131,27468
15131,27740
15131,30879
15131,30184
15131,29188
15131,83909
15132,32719
15132,37405
15132,27361
15132,30813
15132,38515
15132,30602
15132,27648
15132,27878
15132,32584
15132,38513
15132,31650
15132,83837
15132,83867
15132,32841
15132,33342
15132,32778
15132,27503
15132,27703
15132,32856
15132,27581
15132,32076
15133,31650
15133,83837
15137,31650
15137,83837
15138,28396
15138,31524
15143,36836
15147,27361
15147,31650
15147,83837
15147,83867
15147,32841
15147,33306
15147,32856
15147,27581
15148,33454
15148,28456
15148,33091
15150,31650
15150,83837
15150,33449
15150,27468
15150,27740
15150,30879
15150,30184
15150,29188
15150,83909
15152,32719
15152,30813
15152,38515
15152,30602
15152,27648
15152,27878
15152,32584
15152,38513
15153,31650
15153,83837
15155,31650
15155,83837
15156,31650
15156,83837
15165,28396
15165,31524
15165,33454
15165,28547
15165,28375
15167,36707
15167,83867
15171,32719
15171,27361
15171,30813
15171,38515
15171,30602
15171,27648
15171,27878
15171,32584
15171,38513
15171,83867
15171,27503
15171,27703
15171,33306
15171,32856
15171,27581
15174,36707
15174,31618
15174,32313
15176,36836
15176,36425
15179,33410
15179,32737
15179,28921
15179,37405
15179,27361
15179,29946
15179,31502
15180,31650
15180,83837
15180,28547
15181,36707
15181,27361
15181,31618
15181,32313
15181,33306
15181,32856
15181,27581
15185,28396
15185,31524
15185,28547
15185,28375
15193,28396
15193,31524
15205,32719
15209,33454
15209,28456
15209,33091
15210,32719
15210,37405
15210,30813
15210,38515
15210,30602
15210,27648
15210,27878
15210,32584
15210,38513
15210,83867
15210,27503
15210,27703
15210,33306
15211,33454
15211,28456
15211,36836
15211,33091
15212,31650
15212,83837
15260,32719
15260,30813
15260,38515
15260,30602
15260,27648
15260,27878
15260,32584
15260,38513
15260,31650
15260,83837
15260,83867
15260,32841
15260,33342
15260,32778
15260,27503
15260,27703
15260,32076
15272,36836
15273,36836
15273,27292
15273,28811
15273,27286
15289,31650
15289,83837
15290,36836
15291,28396
15291,31524
15292,31650
15292,83837
15292,32778
15294,28547
15295,33534
15296,36707
15296,33534
15296,33449
15296,27468
15296,27740
15296,30879
15296,30184
15296,29188
15296,83909
15296,83969
15297,36707
15297,31618
15297,32313
15299,36707
15299,27292
15299,28811
15299,27286
15302,27664
15303,36707
15303,33534
15303,29457
15303,33179
15303,33555
15303,27207
15303,32596
15303,27569
15303,30388
15303,27450
15303,27582
15303,27408
15303,28299
15303,27618
15303,33060
15303,84278
15303,84279
15303,30734
15303,27292
15303,28811
15303,27286
15303,38905
15304,28396
15304,31524
15308,36836
15310,36707
15310,27292
15310,28811
15310,27286
15310,30664
15311,36707
15311,31618
15311,32313
15311,33449
15311,27468
15311,27740
15311,30879
15311,30184
15311,29188
15311,83909
15311,27664
15311,31519
15311,27460
15311,30543
15311,30222
15311,27980
15311,31313
15311,27452
15311,32562
15311,39099
15311,32319
15315,31637
15316,32967
15316,83899
15319,31618
15319,32313
15319,28375
15320,33091
15320,33302
15321,31650
15321,83837
15322,37405
15322,31650
15322,83837
15322,33449
15322,27468
15322,27740
15322,30879
15322,30184
15322,29188
15322,83909
15324,36836
15324,33210
15324,33449
15324,27468
15324,27740
15324,30879
15324,30184
15324,29188
15324,83909
15324,33216
15324,32651
15324,39809
15325,31650
15325,83837
15326,37405
15326,31650
15326,83837
15326,33449
15326,27468
15326,27740
15326,30879
15326,30184
15326,29188
15326,83909
15333,28396
15333,31524
15338,33449
15338,27468
15338,27740
15338,30879
15338,30184
15338,29188
15338,83909
15338,28813
15354,32928
15354,28813
15354,31637
15406,83867
15412,33512
15413,36836
15416,36707
15416,31618
15416,32313
15417,33512
15419,31650
15419,83837
15421,31618
15421,32313
15424,32797
15424,33512
15428,32719
15430,36707
15430,31618
15430,32313
15431,36707
15432,28082
15432,29333
15433,28396
15433,31524
15434,36707
15434,83969
15434,33451
15435,30813
15435,31630
15436,30274
15437,32719
15438,36707
15438,27292
15438,28811
15438,27286
15438,27664
15442,28082
15446,27684
15449,33534
15449,27843
15450,83948
15450,37835
15451,33534
15451,31650
15451,83837
15457,36707
15457,31618
15457,32313
15458,36707
15458,31618
15458,32313
15458,31650
15458,83837
15458,32841
15458,33342
15458,32778
15458,33306
15458,32076
15458,32797
15461,32520
15466,30813
15466,38515
15466,30602
15466,27648
15466,27878
15466,32584
15466,38513
15467,36707
15467,33064
15467,29646
15475,36707
15475,27664
15477,37405
15478,31650
15478,83837
15480,28396
15480,31524
15481,36836
15483,33654
15484,33454
15484,33091
15486,30813
15486,32980
15490,28396
15490,31524
15490,32797
15493,33512
15493,30274
15494,36707
15495,31618
15495,32313
15495,31650
15495,83837
15498,30274
15500,32132
15500,32217
15500,27219
15500,31714
15500,83765
15500,39202
15500,33453
15500,33232
15500,32905
15500,30813
15500,32719
15500,83771
15500,32505
15500,32980
15501,32217
15501,27219
15501,31714
15501,83765
15501,39202
15501,33453
15501,33232
15501,32905
15501,30813
15503,27361
15507,36707
15507,33064
15507,29646
15517,36707
15517,31618
15517,32313
15518,36707
15518,31618
15518,32313
15521,28921
15521,29946
15521,31502
15536,28396
15536,31524
15542,28456
15542,33091
15556,32719
15556,28714
15557,28396
15557,31524
15559,28396
15559,31524
15584,32719
15590,28396
15590,31524
15590,33454
15590,28375
15609,39111
15609,83772
15609,83773
15609,29854
15609,33534
15609,31033
15611,30664
15621,36707
15621,32719
15621,33534
15621,36527
15621,37967
15621,37150
15621,83818
15621,37082
15621,39603
15621,83822
15621,32394
15621,33064
15762,39111
15762,83772
15762,83773
15762,29854
15762,28441
15762,31650
15762,83837
15762,27503
15762,27703
15762,32149
15762,30669
15763,36707
15763,32967
15763,27361
15763,31618
15763,32313
15763,27292
15763,28811
15763,27286
15763,31168
15763,83891
15767,36707
15767,32719
15767,31618
15767,32313
15767,30813
15767,38515
15767,30602
15767,27648
15767,27878
15767,32584
15767,38513
15767,31650
15767,83837
15767,32841
15767,33342
15767,32778
15767,32076
15769,39111
15769,83772
15769,83773
15769,29854
15769,33534
15769,31033
15770,32217
15770,27219
15770,31714
15770,83765
15770,39202
15770,33453
15770,33232
15770,32905
15770,30813
15770,38515
15770,30602
15770,27648
15770,27878
15770,32584
15770,38513
15770,33464
15770,27292
15770,27494
15771,36707
15771,27292
15771,28811
15771,27286
15771,31650
15771,83837
15771,27664
15772,37405
15774,27361
15777,29646
15778,32217
15778,27219
15778,31714
15778,83765
15778,39202
15778,33453
15778,33232
15778,32905
15778,30813
15778,38515
15778,30602
15778,27648
15778,27878
15778,32584
15778,38513
15779,31650
15779,83837
15783,30813
15783,32719
15783,38515
15783,30602
15783,27648
15783,27878
15783,32584
15783,38513
15783,32980
15783,27503
15783,27703
15808,36707
15808,27292
15808,28811
15808,27286
15821,83969
15829,33654
15829,27494
15832,32719
15832,27361
15832,30813
15832,38515
15832,30602
15832,27648
15832,27878
15832,32584
15832,38513
15832,32856
15832,27581
15832,27843
15833,36707
15834,30813
15834,38515
15834,30602
15834,27648
15834,27878
15834,32584
15834,38513
15834,31650
15834,83837
15834,29457
15834,27843
15834,32719
15835,36707
15835,31618
15835,32313
15836,33534
15836,31033
15837,33534
15837,27843
15840,32719
15841,32719
15849,28396
15849,31524
15849,31650
15849,83837
15850,32296
15853,28745
15855,28396
15855,31524
15856,32719
15856,32928
15856,30813
15856,38515
15856,30602
15856,27648
15856,27878
15856,32584
15856,38513
15856,32778
15856,32178
15856,28610
15856,29484
15856,30038
15856,29999
15859,37405
15874,33512
15884,27361
15886,32967
15892,31502
15907,32967
15907,84059
15907,31918
15908,32967
15908,84059
15908,31918
15912,32967
15912,28921
15912,84059
15912,31918
15956,36707
15956,31618
15956,32313
15982,36707
15982,27292
15982,28811
15982,27286
15982,27664
15986,27361
15987,27361
16004,27361
16004,27292
16004,28811
16004,27286
16004,31650
16004,83837
16004,32841
16004,33342
16004,32778
16011,33454
16011,28375
16014,33454
16014,33449
16014,27468
16014,27740
16014,30879
16014,30184
16014,29188
16014,83909
16014,28547
16031,32967
16031,84059
16031,31918
16054,31650
16054,83837
16054,32841
16054,33342
16054,32778
16054,32999
16055,36707
16055,31618
16055,32313
16056,31650
16056,83837
16056,32841
16056,33342
16056,32778
16056,32076
16057,36707
16057,27361
16057,31618
16057,32313
16057,27292
16057,28811
16057,27286
16057,31650
16057,83837
16057,32841
16057,33342
16057,32778
16057,32076
16059,27843
16062,32719
16062,30813
16062,38515
16062,30602
16062,27648
16062,27878
16062,32584
16062,38513
16062,31650
16062,83837
16062,32841
16062,33342
16062,32778
16062,32076
16063,36707
16063,31618
16063,32313
16063,31650
16063,83837
16063,32841
16063,33342
16063,32778
16063,27503
16063,27703
16063,32076
16066,32719
16066,30813
16066,38515
16066,30602
16066,27648
16066,27878
16066,32584
16066,38513
16066,31650
16066,83837
16066,83867
16066,32841
16066,33342
16066,32778
16066,27503
16066,27703
16066,32076
16068,28547
16068,31408
16068,28974
16068,32759
16068,32974
16068,28396
16068,31524
16069,31650
16069,83837
16071,28396
16071,31524
16071,31650
16071,83837
16071,32841
16071,33342
16071,32778
16071,33454
16071,32076
16071,28547
16071,28375
16074,31650
16074,83837
16074,32778
16076,27361
16085,32967
16085,28921
16085,29946
16085,31502
16085,30813
16085,38515
16085,30602
16085,27648
16085,27878
16085,32584
16085,38513
16085,31650
16085,83837
16085,32841
16085,33342
16085,32778
16085,27503
16085,27703
16085,28042
16085,32076
16085,84059
16086,38047
16192,32967
16192,84059
16192,31918
16195,32967
16210,33534
16217,32967
16217,84059
16217,31918
16217,29390
16219,28921
16219,83894
16220,32296
16268,32719
16268,37405
16268,33449
16268,27468
16268,27740
16268,30879
16268,30184
16268,29188
16268,83909
16268,31144
16268,29955
16268,28745
16281,31918
16303,28396
16303,31524
16303,83894
16306,37405
16306,30813
16306,38515
16306,30602
16306,27648
16306,27878
16306,32584
16306,38513
16306,27503
16306,27703
16312,36707
16312,31618
16312,32313
16312,31650
16312,83837
16312,32841
16312,33342
16312,32778
16312,32076
16313,31650
16313,83837
16313,32841
16313,33342
16313,32778
16313,32076
16314,36707
16314,31618
16314,32313
16314,31650
16314,83837
16314,32841
16314,32778
16314,32076
16316,32778
16317,33454
16317,33449
16317,27468
16317,27740
16317,30879
16317,30184
16317,29188
16317,83909
16317,28547
16317,28375
16322,31033
16328,32967
16328,84059
16328,31918
16341,31502
16344,31502
16347,36707
16347,32967
16347,28921
16347,29946
16347,31502
16347,33064
16347,30612
16347,29646
16350,30813
16350,27361
16350,38515
16350,30602
16350,27648
16350,27878
16350,32584
16350,38513
16350,32856
16350,27581
16350,28042
16354,33534
16357,83867
16357,33306
16376,32719
16376,33534
16376,36527
16376,37967
16376,37150
16376,83818
16376,37082
16376,39603
16376,83822
16376,32394
16376,33064
16434,28396
16434,31524
16434,33454
16434,28547
16434,28375
16476,36707
16476,31618
16476,32313
16476,27292
16476,28811
16476,27286
16476,31650
16476,83837
16476,32841
16476,33342
16476,32778
16490,32719
16490,33410
16490,32737
16490,27361
16490,30813
16490,38515
16490,30602
16490,27648
16490,27878
16490,32584
16490,38513
16490,31650
16490,83837
16490,83867
16490,32841
16490,33342
16490,32778
16490,27503
16490,27703
16490,33306
16490,32856
16490,27581
16490,32076
16506,32719
16506,27361
16506,30813
16506,38515
16506,30602
16506,27648
16506,27878
16506,32584
16506,38513
16506,83867
16506,32856
16506,27581
16519,33654
16545,33654
16546,31650
16546,83837
16550,27361
16550,32856
16550,27581
16550,84059
16550,32719
16570,31650
16570,83837
16570,28547
16570,27559
16570,32712
16570,32609
16582,32967
16582,84059
16582,31918
16588,32217
16588,27219
16588,31714
16588,83765
16588,39202
16588,33453
16588,33232
16588,32905
16588,30813
16588,38515
16588,30602
16588,27648
16588,27878
16588,32584
16588,38513
16588,33464
16588,27292
16588,27494
16593,36707
16593,33064
16593,29646
16593,32930
16593,28591
16687,39111
16687,83772
16687,83773
16687,29854
16687,33534
16687,28441
16689,39111
16689,83772
16689,83773
16689,29854
16689,33534
16690,39111
16690,83772
16690,83773
16690,29854
16690,33534
16690,28441
16690,32928
16690,28456
16698,39111
16698,83772
16698,83773
16698,29854
16698,28441
16713,31918
16741,31502
16744,27292
16744,28811
16744,27286
16744,31168
16788,33534
16790,27361
16790,32856
16790,27581
16792,30813
16792,38515
16792,30602
16792,27648
16792,27878
16792,32584
16792,38513
16793,36707
16793,39111
16793,83772
16793,83773
16793,29854
16793,33534
16793,31723
16793,28441
16793,32928
16793,37405
16793,31650
16793,83837
16793,31033
16793,28456
16793,83969
16793,28547
16795,30813
16795,38515
16795,30602
16795,27648
16795,27878
16795,32584
16795,38513
16801,28921
16801,29946
16801,31502
16801,32778
16801,28042
16802,33534
16802,33306
16825,27361
16825,30094
16825,38047
16825,27527
16842,28396
16842,31524
16842,31618
16842,32313
16842,30664
16847,27452
16847,31033
16855,39455
16975,27361
17061,31502
17062,36707
17062,32719
17062,27361
17062,31618
17062,32313
17062,30813
17062,38515
17062,30602
17062,27648
17062,27878
17062,32584
17062,38513
17062,83867
17062,33306
17062,32856
17062,27581
17064,32719
17064,33534
17064,27361
17064,36527
17064,37967
17064,37150
17064,83818
17064,37082
17064,39603
17064,83822
17064,32394
17064,33064
17064,32856
17064,27581
17064,27843
17066,36707
17066,31618
17066,32313
17067,36707
17067,31618
17067,32313
17124,32967
17148,28396
17148,31524
17148,33534
17148,30274
17150,32719
17150,30813
17150,38515
17150,30602
17150,27648
17150,27878
17150,32584
17150,38513
17151,32719
17151,30813
17151,38515
17151,30602
17151,27648
17151,27878
17151,32584
17151,38513
17153,32999
17173,33654
17173,28547
17174,28547
17175,31650
17175,83837
17175,32841
17175,33342
17175,32778
17175,32076
17230,83867
17230,27503
17230,27703
17231,32719
17231,30813
17231,38515
17231,30602
17231,27648
17231,27878
17231,32584
17231,38513
17231,83867
17231,27503
17231,27703
17232,32719
17232,30813
17232,38515
17232,30602
17232,27648
17232,27878
17232,32584
17232,38513
17232,27503
17232,27703
17233,32719
17233,30813
17233,38515
17233,30602
17233,27648
17233,27878
17233,32584
17233,38513
17233,31650
17233,83837
17233,32841
17233,33342
17233,32778
17233,27503
17233,27703
17233,32076
17234,28396
17234,31524
17234,33454
17234,28547
17234,28375
17242,32719
17242,30813
17242,38515
17242,30602
17242,27648
17242,27878
17242,32584
17242,38513
17243,28396
17243,31524
17243,33454
17243,28547
17243,28375
17246,27503
17246,27703
17256,30813
17256,32719
17256,38515
17256,30602
17256,27648
17256,27878
17256,32584
17256,38513
17256,32980
17256,27503
17256,27703
17305,33342
17308,33534
17309,33512
17333,32967
17333,84059
17333,31918
17335,36707
17337,28396
17337,31524
17337,32778
17337,33454
17345,27292
17345,28811
17345,27286
17345,31168
17377,32942
17377,36425
17377,31519
17377,27460
17377,30543
17377,30222
17377,27664
17377,27980
17377,31313
17377,27452
17377,32562
17377,39099
17377,32319
17377,29978
17377,38802
17378,30813
17378,32719
17378,37405
17378,38515
17378,30602
17378,27648
17378,27878
17378,32584
17378,38513
17378,27503
17378,27703
17378,28042
17407,32967
17407,37405
17407,27361
17407,32856
17407,27581
17417,32942
17428,32841
17434,33654
17434,27494
17435,33654
17435,27494
17437,28547
17494,32217
17494,27219
17494,31714
17494,83765
17494,39202
17494,33453
17494,33232
17494,32905
17524,28332
17524,84139
17524,39580
17558,39111
17558,83772
17558,83773
17558,29854
17558,37405
17639,30612
17652,31650
17652,83837
17652,33654
17724,32719
17729,32967
17729,32841
17730,32841
17739,32967
17776,32217
17776,27219
17776,31714
17776,83765
17776,39202
17776,33453
17776,33232
17776,32905
17829,32719
17831,32719
17949,28426
17987,32967
17987,31650
17987,83837
17987,32841
17987,33342
17987,32778
17987,27503
17987,27703
17987,28042
17987,32076
17987,84059
17999,33449
17999,27468
17999,27740
17999,30879
17999,30184
17999,29188
17999,83909
18036,30813
18036,31650
18036,83837
18036,32980
18312,28082
18313,28082
18314,27361
18314,27292
18314,28811
18314,27286
18314,31650
18314,83837
18314,32841
18314,33342
18314,32778
18590,31650
18590,83837
18590,28547
19207,28396
19207,31524
19207,31033
19222,28396
19222,31524
19551,27361
19556,27292
19556,28811
19556,27286
19663,31137
19699,32296
19720,27292
19720,28811
19720,27286
20129,28396
20129,31524
20129,36707
20129,32719
20129,33534
20129,36527
20129,37967
20129,37150
20129,83818
20129,37082
20129,39603
20129,83822
20129,32394
20129,31618
20129,32313
20129,33064
20129,31650
20129,83837
20129,32841
20129,33342
20129,32778
20129,32076
20133,31650
20133,83837
20146,36707
20146,32967
20146,31618
20146,32313
20148,27503
20148,27703
20156,27664
20156,31637
20157,36707
20157,30813
20157,32719
20157,37405
20157,31618
20157,32313
20157,38515
20157,30602
20157,27648
20157,27878
20157,32584
20157,38513
20157,31650
20157,83837
20157,83867
20157,32841
20157,33342
20157,32778
20157,27503
20157,27703
20157,33306
20157,28042
20157,28714
20157,32076
20169,28042
20193,30813
20193,32719
20193,32980
20193,83891
20206,28082
20208,27253
20208,29238
20208,29656
20208,33201
20208,32277
20212,36836
20212,33449
20212,27468
20212,27740
20212,30879
20212,30184
20212,29188
20212,83909
20212,36123
20214,28042
20218,30813
20218,37405
20218,38515
20218,30602
20218,27648
20218,27878
20218,32584
20218,38513
20218,27503
20218,27703
20218,28042
20227,33449
20227,27468
20227,27740
20227,30879
20227,30184
20227,29188
20227,83909
20228,36707
20228,83891
20238,30813
20238,32980
20239,31650
20239,83837
20239,33449
20239,27468
20239,27740
20239,30879
20239,30184
20239,29188
20239,83909
20239,83969
20239,27664
20239,30511
20239,32099
20239,32123
20239,32986
20254,32778
20254,28042
20263,33654
20263,33449
20263,27468
20263,27740
20263,30879
20263,30184
20263,29188
20263,83909
20263,27664
20265,28082
20279,31918
20289,31033
20289,28082
20290,27361
20290,27292
20290,28811
20290,27286
20290,31650
20290,83837
20290,32841
20290,33342
20290,32778
20290,32178
20290,28610
20290,29484
20290,30038
20290,29999
20294,27361
20294,31650
20294,83837
20294,83867
20294,32841
20294,33342
20294,32778
20294,27503
20294,27703
20294,33306
20294,32856
20294,27581
20298,30813
20298,37405
20298,38515
20298,30602
20298,27648
20298,27878
20298,32584
20298,38513
20298,27503
20298,27703
20298,28042
20300,28396
20300,31524
20300,31650
20300,83837
20300,32841
20300,33342
20300,32778
20300,33454
20300,32076
20300,28547
20300,28375
20302,36707
20302,32719
20302,33410
20302,32737
20302,31618
20302,32313
20302,30813
20302,38515
20302,30602
20302,27648
20302,27878
20302,32584
20302,38513
20302,27503
20302,27703
20302,28714
20303,28396
20303,31524
20303,36707
20303,32719
20303,33534
20303,32967
20303,28921
20303,27361
20303,31618
20303,32313
20303,30813
20303,38515
20303,30602
20303,27648
20303,27878
20303,32584
20303,38513
20303,31650
20303,83837
20303,83867
20303,32841
20303,32778
20303,27503
20303,27703
20303,33091
20303,33306
20303,32856
20303,27581
20303,28042
20304,32719
20304,27361
20304,30813
20304,38515
20304,30602
20304,27648
20304,27878
20304,32584
20304,38513
20304,83867
20304,33306
20304,32856
20304,27581
20304,30612
20305,33512
20306,33534
20306,28921
20306,29946
20306,31502
20309,28547
20309,27559
20309,32712
20309,32609
20311,32967
20311,27361
20311,83867
20311,33306
20311,32856
20311,27581
20311,84059
20312,31650
20312,83837
20312,32841
20312,33342
20312,32778
20312,32076
20313,32778
20313,28042
20314,32778
20314,28042
20315,31650
20315,83837
20315,28547
20315,27559
20315,32712
20315,32609
20317,31650
20317,83837
20317,33342
20317,32778
20318,36707
20318,27292
20318,28811
20318,27286
20320,30612
20321,36707
20321,31618
20321,32313
20321,31650
20321,83837
20321,32841
20321,33342
20321,32778
20321,27503
20321,27703
20321,32076
20322,28921
20322,29946
20322,31502
20323,30813
20323,33306
20323,28042
20324,30813
20324,32719
20324,32980
20324,28754
20324,27830
20324,33476
20324,27513
20324,38323
20324,31039
20324,28790
20324,31218
20328,27361
20328,27292
20328,28811
20328,27286
20328,31650
20328,83837
20328,32841
20328,33342
20328,32778
20330,30813
20330,38515
20330,30602
20330,27648
20330,27878
20330,32584
20330,38513
20331,28921
20332,27361
20332,30094
20332,38047
20332,27527
20333,27361
20333,30094
20333,38047
20333,27527
20334,27361
20334,30094
20334,38047
20334,27527
20335,28921
20335,27361
20335,29946
20335,31502
20335,27292
20335,28811
20335,27286
20335,31168
20336,33210
20336,28813
20336,27664
20338,27361
20339,36707
20339,31618
20339,32313
20340,32719
20341,36707
20341,83969
20341,33451
20343,27843
20345,32928
20346,28921
20349,27361
20350,36707
20350,31618
20350,32313
20350,27843
20355,32719
20355,30813
20355,38515
20355,30602
20355,27648
20355,27878
20355,32584
20355,38513
20356,32719
20356,30813
20356,38515
20356,30602
20356,27648
20356,27878
20356,32584
20356,38513
20357,28042
20359,36707
20359,27292
20359,28811
20359,27286
20362,32967
20362,37405
20362,30813
20362,38515
20362,30602
20362,27648
20362,27878
20362,32584
20362,38513
20368,30813
20368,32980
20376,32967
20376,83899
20377,30813
20377,32980
20381,32967
20381,84059
20390,36707
20390,27292
20390,28811
20390,27286
20391,36707
20391,27292
20391,28811
20391,27286
20392,36707
20392,27292
20392,28811
20392,27286
20393,36707
20394,36707
20394,27292
20394,28811
20394,27286
20395,32967
20396,32967
20396,84059
20397,28921
20397,29946
20397,31502
20399,32967
20399,28042
20399,84059
20399,31918
20400,32967
20400,84059
20404,28082
20405,32967
20405,84059
20406,28082
20407,31650
20407,83837
20407,28547
20408,31650
20408,83837
20408,28547
20409,28082
20410,28082
20411,28082
20412,31650
20412,83837
20412,28547
20413,28082
20415,28082
20416,28745
20417,32967
20417,37405
20417,30813
20417,38515
20417,30602
20417,27648
20417,27878
20417,32584
20417,38513
20418,31650
20418,83837
20418,28547
20419,32967
20419,84059
20420,32967
20420,84059
20425,32967
20425,84059
20427,31918
20429,31650
20429,83837
20429,83891
20430,32967
20431,30813
20431,32980
20432,31033
20436,27361
20437,32217
20437,27219
20437,31714
20437,83765
20437,39202
20437,33453
20437,33232
20437,32905
20437,30813
20437,32980
20446,31502
20447,28921
20447,29946
20447,31502
20447,30612
20460,31650
20460,83837
20460,33459
20460,83838
20460,33451
20461,30612
20472,27286
20472,27292
20472,28811
20472,28234
20493,27527
20498,27292
20498,28811
20498,27286
20498,31168
20615,30342
20623,27286
20623,27292
20623,28811
20623,28234
15303,27207
14603,27219
15770,27219
14263,27219
15064,27219
14269,27219
14020,27219
14272,27219
14059,27219
16588,27219
14304,27219
15500,27219
14024,27219
20437,27219
14034,27219
14060,27219
14030,27219
14028,27219
15003,27219
14042,27219
14320,27219
15501,27219
17776,27219
14019,27219
15013,27219
14033,27219
14293,27219
17494,27219
14026,27219
14259,27219
14023,27219
14165,27219
15778,27219
14306,27219
14222,27219
14280,27219
20208,27253
14520,27286
16476,27286
15763,27286
20390,27286
14790,27286
20335,27286
14597,27286
14201,27286
20498,27286
14490,27286
20290,27286
15299,27286
14279,27286
14822,27286
15438,27286
14883,27286
15273,27286
18314,27286
14772,27286
15085,27286
14424,27286
14230,27286
15982,27286
14909,27286
19556,27286
14881,27286
15808,27286
14206,27286
14050,27286
14030,27286
14017,27286
15310,27286
20359,27286
14275,27286
20391,27286
20392,27286
14199,27286
20318,27286
19720,27286
16744,27286
14787,27286
20394,27286
15771,27286
15104,27286
14137,27286
16004,27286
14347,27286
17345,27286
16057,27286
20328,27286
20623,27286
20472,27286
15303,27286
14520,27292
16476,27292
15763,27292
20390,27292
14790,27292
20335,27292
14597,27292
14201,27292
20498,27292
14490,27292
20290,27292
15299,27292
14279,27292
14822,27292
15438,27292
14883,27292
15273,27292
18314,27292
14772,27292
15085,27292
14424,27292
14230,27292
15982,27292
14909,27292
19556,27292
14881,27292
15808,27292
14206,27292
14050,27292
14030,27292
14017,27292
15310,27292
20359,27292
14275,27292
20391,27292
20392,27292
14199,27292
20318,27292
19720,27292
16744,27292
14787,27292
20394,27292
15771,27292
15104,27292
14137,27292
16004,27292
14347,27292
17345,27292
16057,27292
20328,27292
14603,27292
15770,27292
16588,27292
14293,27292
14165,27292
14306,27292
14280,27292
20623,27292
20472,27292
15303,27292
14838,27315
15179,27361
15763,27361
20294,27361
16825,27361
14510,27361
14774,27361
20332,27361
14768,27361
20333,27361
20334,27361
20335,27361
16490,27361
15147,27361
14833,27361
17407,27361
20436,27361
15832,27361
16350,27361
19551,27361
17062,27361
15089,27361
14182,27361
20338,27361
20290,27361
15774,27361
20303,27361
18314,27361
20304,27361
15987,27361
15181,27361
14424,27361
14881,27361
16550,27361
14783,27361
17064,27361
15986,27361
16076,27361
16790,27361
14993,27361
15112,27361
14643,27361
16975,27361
16506,27361
20311,27361
14296,27361
14340,27361
14134,27361
14939,27361
14898,27361
14940,27361
14990,27361
15132,27361
15171,27361
15884,27361
20349,27361
16004,27361
16057,27361
20328,27361
15503,27361
14326,27361
14346,27361
15130,27361
14966,27361
14184,27361
14319,27361
14838,27375
14174,27390
15075,27390
15303,27408
14315,27428
15303,27450
16847,27452
14771,27452
14662,27452
14964,27452
15311,27452
17377,27452
14251,27452
14662,27460
14964,27460
15311,27460
17377,27460
14251,27460
14330,27468
15326,27468
20263,27468
15324,27468
16317,27468
15322,27468
14979,27468
14380,27468
14338,27468
15121,27468
14845,27468
15093,27468
14283,27468
14171,27468
14141,27468
14949,27468
15131,27468
14176,27468
15150,27468
14952,27468
20239,27468
14849,27468
14640,27468
14852,27468
14993,27468
14284,27468
14271,27468
20227,27468
16268,27468
14351,27468
14229,27468
14956,27468
14789,27468
14988,27468
17999,27468
15338,27468
14779,27468
20212,27468
14780,27468
14140,27468
15001,27468
14161,27468
14323,27468
15296,27468
15311,27468
16014,27468
14999,27468
14223,27468
14309,27468
15770,27494
16588,27494
15829,27494
14978,27494
17435,27494
14165,27494
14306,27494
17434,27494
20148,27503
20157,27503
20294,27503
15210,27503
14249,27503
17378,27503
15762,27503
20298,27503
16066,27503
16490,27503
17256,27503
15783,27503
14995,27503
17246,27503
16306,27503
20302,27503
15089,27503
16085,27503
20303,27503
20218,27503
14881,27503
14783,27503
14212,27503
16063,27503
17233,27503
17232,27503
17230,27503
14163,27503
14336,27503
14291,27503
15260,27503
14789,27503
14898,27503
20321,27503
14990,27503
17231,27503
15104,27503
15132,27503
15171,27503
14786,27503
17987,27503
14019,27513
14775,27513
20324,27513
16825,27527
14510,27527
14774,27527
20332,27527
14768,27527
20333,27527
20334,27527
20493,27527
14955,27530
14838,27548
16570,27559
15093,27559
14807,27559
15088,27559
20309,27559
20315,27559
14940,27559
15303,27569
20294,27581
16490,27581
15147,27581
17407,27581
15832,27581
16350,27581
17062,27581
15089,27581
14182,27581
20303,27581
20304,27581
15181,27581
14881,27581
16550,27581
14783,27581
17064,27581
16790,27581
14993,27581
15112,27581
16506,27581
20311,27581
14595,27581
14898,27581
14990,27581
15132,27581
15171,27581
15303,27582
14838,27586
15303,27618
14952,27645
14546,27645
14140,27645
15001,27645
14999,27645
20330,27648
14603,27648
15770,27648
20157,27648
15210,27648
14249,27648
17378,27648
15767,27648
20298,27648
16066,27648
16490,27648
17256,27648
15783,27648
16062,27648
15832,27648
16350,27648
17062,27648
16306,27648
20355,27648
20356,27648
17151,27648
20302,27648
15834,27648
15089,27648
14182,27648
15152,27648
16085,27648
20303,27648
14059,27648
20218,27648
16588,27648
20304,27648
14132,27648
14304,27648
15466,27648
14881,27648
14783,27648
14171,27648
14150,27648
16792,27648
14730,27648
14060,27648
17233,27648
17232,27648
14157,27648
14314,27648
15088,27648
16506,27648
20417,27648
14336,27648
14293,27648
15260,27648
17150,27648
15856,27648
14287,27648
14898,27648
14199,27648
14259,27648
14990,27648
17231,27648
20362,27648
15104,27648
15132,27648
15171,27648
14165,27648
16795,27648
17242,27648
15778,27648
14306,27648
14222,27648
14280,27648
14838,27650
20336,27664
14192,27664
20263,27664
14979,27664
15438,27664
14338,27664
15982,27664
14283,27664
14141,27664
14949,27664
15302,27664
20239,27664
20156,27664
14993,27664
14956,27664
15475,27664
14779,27664
14286,27664
15771,27664
15311,27664
14662,27664
14964,27664
17377,27664
14251,27664
14838,27674
15014,27684
15446,27684
14937,27684
20148,27703
20157,27703
20294,27703
15210,27703
14249,27703
17378,27703
15762,27703
20298,27703
16066,27703
16490,27703
17256,27703
15783,27703
14995,27703
17246,27703
16306,27703
20302,27703
15089,27703
16085,27703
20303,27703
20218,27703
14881,27703
14783,27703
14212,27703
16063,27703
17233,27703
17232,27703
17230,27703
14163,27703
14336,27703
14291,27703
15260,27703
14789,27703
14898,27703
20321,27703
14990,27703
17231,27703
15104,27703
15132,27703
15171,27703
14786,27703
17987,27703
14838,27704
14849,27710
14174,27726
15075,27726
14838,27733
14838,27735
14330,27740
15326,27740
20263,27740
15324,27740
16317,27740
15322,27740
14979,27740
14380,27740
14338,27740
15121,27740
14845,27740
15093,27740
14283,27740
14171,27740
14141,27740
14949,27740
15131,27740
14176,27740
15150,27740
14952,27740
20239,27740
14849,27740
14640,27740
14852,27740
14993,27740
14284,27740
14271,27740
20227,27740
16268,27740
14351,27740
14229,27740
14956,27740
14789,27740
14988,27740
17999,27740
15338,27740
14779,27740
20212,27740
14780,27740
14140,27740
15001,27740
14161,27740
14323,27740
15296,27740
15311,27740
16014,27740
14999,27740
14223,27740
14309,27740
14838,27762
14838,27805
14019,27830
14775,27830
20324,27830
14973,27843
15832,27843
15449,27843
15837,27843
15834,27843
15089,27843
16059,27843
17064,27843
14949,27843
20343,27843
14956,27843
20350,27843
20330,27878
14603,27878
15770,27878
20157,27878
15210,27878
14249,27878
17378,27878
15767,27878
20298,27878
16066,27878
16490,27878
17256,27878
15783,27878
16062,27878
15832,27878
16350,27878
17062,27878
16306,27878
20355,27878
20356,27878
17151,27878
20302,27878
15834,27878
15089,27878
14182,27878
15152,27878
16085,27878
20303,27878
14059,27878
20218,27878
16588,27878
20304,27878
14132,27878
14304,27878
15466,27878
14881,27878
14783,27878
14171,27878
14150,27878
16792,27878
14730,27878
14060,27878
17233,27878
17232,27878
14157,27878
14314,27878
15088,27878
16506,27878
20417,27878
14336,27878
14293,27878
15260,27878
17150,27878
15856,27878
14287,27878
14898,27878
14199,27878
14259,27878
14990,27878
17231,27878
20362,27878
15104,27878
15132,27878
15171,27878
14165,27878
16795,27878
17242,27878
15778,27878
14306,27878
14222,27878
14280,27878
14949,27950
14662,27980
14964,27980
15311,27980
17377,27980
14251,27980
20157,28042
17378,28042
20298,28042
20399,28042
16801,28042
16350,28042
20169,28042
16085,28042
20303,28042
14256,28042
20218,28042
20357,28042
14881,28042
14783,28042
14921,28042
14128,28042
14652,28042
20214,28042
20254,28042
14589,28042
20313,28042
20314,28042
14689,28042
15104,28042
20323,28042
17987,28042
20265,28082
18312,28082
14995,28082
14167,28082
20404,28082
18313,28082
14311,28082
14288,28082
20406,28082
14845,28082
20289,28082
14283,28082
20409,28082
20410,28082
20411,28082
14720,28082
20413,28082
20206,28082
20415,28082
15442,28082
14291,28082
14205,28082
15432,28082
14251,28082
14786,28082
20623,28234
20472,28234
15303,28299
17524,28332
20300,28375
17243,28375
16071,28375
16317,28375
15110,28375
14380,28375
15165,28375
15185,28375
15098,28375
15127,28375
15100,28375
14176,28375
14178,28375
14156,28375
15590,28375
17234,28375
16434,28375
14988,28375
16011,28375
15319,28375
14841,28375
15001,28375
15006,28375
14161,28375
14999,28375
14223,28375
15193,28396
15291,28396
15094,28396
20300,28396
17243,28396
14148,28396
15433,28396
14636,28396
14830,28396
16071,28396
15108,28396
20303,28396
15110,28396
16068,28396
15490,28396
14380,28396
16303,28396
15165,28396
15849,28396
14321,28396
19222,28396
14257,28396
15185,28396
15098,28396
15127,28396
15100,28396
20129,28396
14783,28396
14220,28396
15093,28396
14150,28396
15131,28396
14176,28396
17337,28396
14217,28396
14981,28396
14884,28396
15304,28396
14178,28396
15114,28396
14156,28396
14606,28396
15112,28396
14314,28396
14241,28396
15855,28396
15536,28396
15590,28396
14924,28396
17234,28396
15480,28396
19207,28396
16434,28396
15095,28396
14962,28396
15077,28396
17148,28396
15559,28396
14310,28396
14305,28396
15557,28396
15119,28396
14140,28396
15138,28396
14841,28396
15001,28396
15333,28396
15006,28396
14161,28396
14806,28396
14323,28396
14913,28396
14177,28396
14999,28396
14223,28396
14541,28396
16842,28396
17949,28426
14385,28426
16687,28441
14944,28441
15762,28441
14836,28441
14835,28441
14255,28441
14846,28441
16690,28441
16698,28441
14200,28441
14984,28441
14317,28441
16793,28441
14276,28441
14212,28441
14271,28441
14163,28441
15087,28456
15211,28456
15542,28456
14299,28456
16690,28456
15116,28456
15082,28456
16793,28456
14276,28456
14176,28456
15073,28456
14956,28456
14234,28456
14962,28456
15209,28456
14161,28456
15148,28456
14177,28456
16068,28547
20300,28547
17243,28547
14854,28547
16071,28547
16317,28547
16570,28547
15180,28547
15110,28547
14290,28547
17437,28547
15165,28547
20407,28547
16793,28547
14276,28547
15185,28547
15098,28547
15127,28547
15100,28547
18590,28547
17173,28547
20408,28547
14809,28547
14158,28547
14952,28547
14807,28547
14178,28547
14156,28547
15088,28547
20412,28547
20309,28547
14546,28547
17234,28547
14351,28547
20418,28547
15294,28547
16434,28547
20315,28547
14988,28547
14841,28547
15001,28547
14940,28547
17174,28547
16014,28547
14223,28547
14644,28588
16593,28591
14838,28595
20290,28610
14861,28610
15856,28610
20157,28714
14249,28714
20302,28714
14193,28714
14784,28714
14993,28714
14336,28714
14595,28714
15556,28714
14284,28745
16268,28745
20416,28745
14181,28745
15853,28745
14218,28745
14019,28754
14775,28754
20324,28754
14019,28790
14775,28790
20324,28790
14520,28811
16476,28811
15763,28811
20390,28811
14790,28811
20335,28811
14597,28811
14201,28811
20498,28811
14490,28811
20290,28811
15299,28811
14279,28811
14822,28811
15438,28811
14883,28811
15273,28811
18314,28811
14772,28811
15085,28811
14424,28811
14230,28811
15982,28811
14909,28811
19556,28811
14881,28811
15808,28811
14206,28811
14050,28811
14030,28811
14017,28811
15310,28811
20359,28811
14275,28811
20391,28811
20392,28811
14199,28811
20318,28811
19720,28811
16744,28811
14787,28811
20394,28811
15771,28811
15104,28811
14137,28811
16004,28811
14347,28811
17345,28811
16057,28811
20328,28811
20623,28811
20472,28811
15303,28811
20336,28813
15354,28813
15338,28813
15179,28921
20331,28921
20335,28921
20397,28921
16801,28921
14707,28921
16219,28921
16085,28921
15912,28921
14053,28921
20303,28921
14052,28921
14561,28921
14678,28921
14171,28921
14429,28921
14128,28921
14560,28921
20306,28921
14662,28921
14974,28921
14971,28921
20346,28921
15521,28921
14898,28921
16347,28921
14937,28921
20322,28921
14359,28921
14646,28921
20447,28921
16068,28974
14216,29118
14143,29118
14330,29188
15326,29188
20263,29188
15324,29188
16317,29188
15322,29188
14979,29188
14380,29188
14338,29188
15121,29188
14845,29188
15093,29188
14283,29188
14171,29188
14141,29188
14949,29188
15131,29188
14176,29188
15150,29188
14952,29188
20239,29188
14849,29188
14640,29188
14852,29188
14993,29188
14284,29188
14271,29188
20227,29188
16268,29188
14351,29188
14229,29188
14956,29188
14789,29188
14988,29188
17999,29188
15338,29188
14779,29188
20212,29188
14780,29188
14140,29188
15001,29188
14161,29188
14323,29188
15296,29188
15311,29188
16014,29188
14999,29188
14223,29188
14309,29188
20208,29238
15432,29333
14251,29333
14838,29368
14828,29390
16217,29390
14973,29457
15834,29457
15303,29457
20290,29484
14861,29484
15856,29484
14943,29646
15026,29646
14208,29646
14387,29646
14685,29646
14058,29646
15777,29646
14530,29646
15507,29646
14221,29646
14270,29646
14149,29646
14151,29646
14800,29646
14211,29646
14235,29646
14268,29646
15467,29646
14187,29646
16347,29646
16593,29646
20208,29656
16687,29854
14944,29854
15762,29854
14835,29854
14255,29854
14846,29854
16690,29854
16698,29854
14200,29854
14984,29854
14317,29854
16793,29854
14276,29854
14212,29854
14271,29854
14163,29854
15609,29854
17558,29854
14282,29854
15769,29854
15103,29854
16689,29854
14836,29854
14686,29924
15179,29946
14721,29946
20335,29946
20397,29946
16801,29946
14707,29946
16085,29946
14053,29946
14052,29946
14561,29946
14678,29946
14128,29946
14560,29946
20306,29946
15521,29946
14898,29946
16347,29946
20322,29946
14359,29946
14646,29946
20447,29946
14578,29955
14284,29955
14711,29955
16268,29955
14324,29955
14964,29978
17377,29978
20290,29999
14861,29999
15856,29999
20290,30038
14861,30038
15856,30038
16825,30094
14510,30094
14774,30094
20332,30094
14768,30094
20333,30094
20334,30094
14330,30184
15326,30184
20263,30184
15324,30184
16317,30184
15322,30184
14979,30184
14380,30184
14338,30184
15121,30184
14845,30184
15093,30184
14283,30184
14171,30184
14141,30184
14949,30184
15131,30184
14176,30184
15150,30184
14952,30184
20239,30184
14849,30184
14640,30184
14852,30184
14993,30184
14284,30184
14271,30184
20227,30184
16268,30184
14351,30184
14229,30184
14956,30184
14789,30184
14988,30184
17999,30184
15338,30184
14779,30184
20212,30184
14780,30184
14140,30184
15001,30184
14161,30184
14323,30184
15296,30184
15311,30184
16014,30184
14999,30184
14223,30184
14309,30184
14662,30222
14964,30222
15311,30222
17377,30222
14251,30222
15498,30274
14336,30274
15493,30274
17148,30274
15436,30274
20615,30342
15303,30388
20239,30511
14779,30511
14911,30511
14662,30543
14964,30543
15311,30543
17377,30543
14251,30543
20330,30602
14603,30602
15770,30602
20157,30602
15210,30602
14249,30602
17378,30602
15767,30602
20298,30602
16066,30602
16490,30602
17256,30602
15783,30602
16062,30602
15832,30602
16350,30602
17062,30602
16306,30602
20355,30602
20356,30602
17151,30602
20302,30602
15834,30602
15089,30602
14182,30602
15152,30602
16085,30602
20303,30602
14059,30602
20218,30602
16588,30602
20304,30602
14132,30602
14304,30602
15466,30602
14881,30602
14783,30602
14171,30602
14150,30602
16792,30602
14730,30602
14060,30602
17233,30602
17232,30602
14157,30602
14314,30602
15088,30602
16506,30602
20417,30602
14336,30602
14293,30602
15260,30602
17150,30602
15856,30602
14287,30602
14898,30602
14199,30602
14259,30602
14990,30602
17231,30602
20362,30602
15104,30602
15132,30602
15171,30602
14165,30602
16795,30602
17242,30602
15778,30602
14306,30602
14222,30602
14280,30602
14833,30612
20304,30612
14132,30612
14678,30612
14783,30612
14128,30612
14287,30612
16347,30612
20461,30612
17639,30612
20320,30612
14131,30612
20447,30612
15089,30664
14881,30664
14171,30664
15310,30664
15104,30664
14331,30664
14539,30664
15052,30664
16842,30664
15611,30664
15762,30669
14315,30669
14212,30669
14838,30669
14322,30669
14228,30669
14136,30669
15303,30734
20377,30813
20157,30813
17378,30813
20298,30813
14973,30813
15064,30813
20431,30813
17256,30813
15783,30813
14020,30813
16350,30813
15486,30813
14256,30813
20218,30813
14670,30813
14021,30813
16588,30813
14281,30813
15500,30813
15435,30813
14237,30813
14881,30813
14270,30813
15002,30813
14018,30813
14025,30813
14981,30813
20437,30813
14034,30813
14235,30813
15501,30813
14314,30813
14038,30813
15013,30813
14014,30813
14558,30813
14733,30813
14229,30813
14293,30813
14032,30813
15084,30813
14029,30813
18036,30813
20238,30813
20193,30813
14940,30813
14259,30813
20368,30813
14036,30813
15104,30813
14434,30813
14165,30813
20323,30813
14775,30813
20324,30813
14306,30813
14280,30813
14686,30813
20330,30813
14603,30813
15770,30813
15210,30813
14249,30813
15767,30813
16066,30813
16490,30813
16062,30813
15832,30813
17062,30813
16306,30813
20355,30813
20356,30813
17151,30813
20302,30813
15834,30813
15089,30813
14182,30813
15152,30813
16085,30813
20303,30813
14059,30813
20304,30813
14132,30813
14304,30813
15466,30813
14783,30813
14171,30813
14150,30813
16792,30813
14730,30813
14060,30813
17233,30813
17232,30813
14157,30813
15088,30813
16506,30813
20417,30813
14336,30813
15260,30813
17150,30813
15856,30813
14287,30813
14898,30813
14199,30813
14990,30813
17231,30813
20362,30813
15132,30813
15171,30813
16795,30813
17242,30813
15778,30813
14222,30813
14330,30879
15326,30879
20263,30879
15324,30879
16317,30879
15322,30879
14979,30879
14380,30879
14338,30879
15121,30879
14845,30879
15093,30879
14283,30879
14171,30879
14141,30879
14949,30879
15131,30879
14176,30879
15150,30879
14952,30879
20239,30879
14849,30879
14640,30879
14852,30879
14993,30879
14284,30879
14271,30879
20227,30879
16268,30879
14351,30879
14229,30879
14956,30879
14789,30879
14988,30879
17999,30879
15338,30879
14779,30879
20212,30879
14780,30879
14140,30879
15001,30879
14161,30879
14323,30879
15296,30879
15311,30879
16014,30879
14999,30879
14223,30879
14309,30879
14111,30990
14229,30990
14721,31033
14944,31033
14833,31033
14995,31033
14216,31033
14578,31033
16847,31033
14143,31033
14321,31033
20289,31033
16793,31033
14276,31033
14955,31033
14771,31033
16322,31033
14530,31033
14764,31033
14711,31033
20432,31033
19207,31033
14291,31033
15609,31033
14628,31033
15836,31033
15769,31033
14806,31033
14786,31033
14019,31039
14775,31039
20324,31039
14838,31123
19663,31137
14578,31144
14284,31144
14711,31144
16268,31144
14324,31144
15763,31168
14790,31168
20335,31168
14597,31168
20498,31168
14490,31168
14546,31168
16744,31168
14787,31168
15104,31168
17345,31168
14876,31218
14019,31218
14775,31218
20324,31218
14190,31257
14758,31257
14838,31262
14662,31313
14964,31313
15311,31313
17377,31313
14251,31313
16068,31408
15179,31502
20335,31502
20397,31502
16801,31502
14707,31502
16085,31502
16341,31502
14053,31502
14052,31502
14561,31502
14132,31502
14678,31502
14128,31502
14560,31502
20306,31502
15892,31502
16344,31502
20446,31502
15521,31502
14898,31502
16347,31502
20322,31502
14359,31502
14646,31502
14131,31502
20447,31502
14490,31502
17061,31502
16741,31502
14662,31519
14964,31519
15311,31519
17377,31519
14251,31519
15193,31524
15291,31524
15094,31524
20300,31524
17243,31524
14148,31524
15433,31524
14636,31524
14830,31524
16071,31524
15108,31524
20303,31524
15110,31524
16068,31524
15490,31524
14380,31524
16303,31524
15165,31524
15849,31524
14321,31524
19222,31524
14257,31524
15185,31524
15098,31524
15127,31524
15100,31524
20129,31524
14783,31524
14220,31524
15093,31524
14150,31524
15131,31524
14176,31524
17337,31524
14217,31524
14981,31524
14884,31524
15304,31524
14178,31524
15114,31524
14156,31524
14606,31524
15112,31524
14314,31524
14241,31524
15855,31524
15536,31524
15590,31524
14924,31524
17234,31524
15480,31524
19207,31524
16434,31524
15095,31524
14962,31524
15077,31524
17148,31524
15559,31524
14310,31524
14305,31524
15557,31524
15119,31524
14140,31524
15138,31524
14841,31524
15001,31524
15333,31524
15006,31524
14161,31524
14806,31524
14323,31524
14913,31524
14177,31524
14999,31524
14223,31524
14541,31524
16842,31524
14968,31524
15015,31524
14483,31618
16476,31618
15763,31618
20157,31618
15767,31618
15421,31618
15416,31618
15099,31618
17067,31618
17062,31618
16314,31618
20302,31618
15430,31618
15297,31618
15089,31618
20303,31618
16312,31618
20339,31618
15181,31618
14246,31618
14881,31618
14784,31618
20129,31618
14208,31618
14476,31618
14783,31618
14342,31618
17066,31618
14171,31618
14141,31618
14150,31618
20146,31618
15174,31618
16063,31618
14644,31618
14156,31618
14235,31618
14993,31618
15956,31618
14245,31618
15518,31618
14477,31618
14481,31618
15074,31618
15495,31618
14336,31618
15517,31618
14164,31618
14976,31618
15319,31618
15457,31618
14310,31618
14294,31618
14982,31618
20321,31618
14590,31618
15104,31618
16055,31618
14137,31618
15311,31618
20350,31618
15835,31618
15458,31618
16842,31618
16057,31618
15435,31630
20156,31637
15354,31637
14273,31637
15315,31637
16546,31650
16476,31650
17652,31650
20157,31650
20294,31650
14249,31650
15762,31650
15767,31650
16066,31650
16490,31650
14139,31650
14188,31650
14842,31650
15292,31650
20300,31650
15419,31650
15147,31650
15326,31650
14995,31650
16062,31650
16056,31650
16314,31650
15834,31650
20290,31650
16071,31650
16085,31650
14762,31650
16570,31650
20303,31650
15322,31650
16312,31650
15180,31650
15451,31650
18314,31650
20460,31650
15079,31650
14424,31650
15849,31650
14845,31650
14881,31650
20407,31650
16793,31650
14276,31650
15100,31650
20129,31650
14783,31650
14315,31650
18590,31650
14150,31650
20408,31650
14292,31650
14258,31650
15150,31650
14196,31650
14840,31650
20239,31650
14212,31650
15105,31650
15124,31650
14142,31650
14807,31650
16063,31650
14852,31650
14993,31650
15003,31650
17233,31650
15155,31650
14245,31650
14241,31650
14582,31650
15088,31650
14547,31650
15153,31650
20412,31650
14538,31650
14792,31650
20418,31650
17175,31650
14838,31650
15495,31650
14336,31650
16313,31650
20133,31650
14976,31650
20312,31650
15212,31650
15321,31650
15095,31650
14291,31650
16074,31650
15260,31650
20315,31650
15156,31650
14779,31650
15478,31650
15325,31650
15289,31650
20317,31650
16054,31650
18036,31650
15133,31650
16069,31650
15103,31650
14856,31650
20321,31650
14990,31650
14951,31650
15771,31650
15104,31650
14137,31650
15132,31650
15137,31650
15779,31650
16004,31650
14936,31650
15458,31650
20429,31650
14786,31650
16057,31650
14309,31650
17987,31650
20328,31650
14603,31714
15770,31714
14263,31714
15064,31714
14269,31714
14020,31714
14272,31714
14059,31714
16588,31714
14304,31714
15500,31714
14024,31714
20437,31714
14034,31714
14060,31714
14030,31714
14028,31714
15003,31714
14042,31714
14320,31714
15501,31714
17776,31714
14019,31714
15013,31714
14033,31714
14293,31714
17494,31714
14026,31714
14259,31714
14023,31714
14165,31714
15778,31714
14306,31714
14222,31714
14280,31714
16793,31723
14276,31723
14809,31723
14966,31723
14838,31818
20399,31918
15912,31918
17333,31918
14629,31918
16713,31918
15907,31918
16031,31918
14645,31918
16582,31918
16192,31918
15908,31918
16217,31918
16328,31918
14591,31918
16281,31918
20279,31918
14932,31918
14689,31918
20427,31918
20157,32076
14249,32076
15767,32076
16066,32076
16490,32076
20300,32076
16062,32076
16056,32076
16314,32076
16071,32076
16085,32076
16312,32076
14881,32076
15100,32076
20129,32076
14783,32076
14150,32076
14851,32076
16063,32076
14993,32076
17233,32076
17175,32076
14336,32076
16313,32076
14948,32076
20312,32076
15260,32076
20321,32076
14990,32076
15104,32076
15132,32076
15458,32076
16057,32076
17987,32076
20239,32099
14779,32099
20239,32123
14779,32123
14153,32132
14269,32132
15500,32132
14024,32132
14034,32132
14030,32132
14320,32132
14019,32132
14023,32132
15762,32149
14315,32149
14212,32149
14838,32149
14322,32149
14228,32149
14136,32149
20290,32178
14861,32178
15856,32178
14603,32217
15770,32217
14263,32217
15064,32217
14269,32217
14020,32217
14272,32217
14059,32217
16588,32217
14304,32217
15500,32217
14024,32217
20437,32217
14034,32217
14060,32217
14030,32217
14028,32217
15003,32217
14042,32217
14320,32217
15501,32217
17776,32217
14019,32217
15013,32217
14033,32217
14293,32217
17494,32217
14026,32217
14259,32217
14023,32217
14165,32217
15778,32217
14306,32217
14222,32217
14280,32217
20208,32277
15850,32296
19699,32296
16220,32296
14138,32299
14483,32313
16476,32313
15763,32313
20157,32313
15767,32313
15421,32313
15416,32313
15099,32313
17067,32313
17062,32313
16314,32313
20302,32313
15430,32313
15297,32313
15089,32313
20303,32313
16312,32313
20339,32313
15181,32313
14246,32313
14881,32313
14784,32313
20129,32313
14208,32313
14476,32313
14783,32313
14342,32313
17066,32313
14171,32313
14141,32313
14150,32313
20146,32313
15174,32313
16063,32313
14644,32313
14156,32313
14235,32313
14993,32313
15956,32313
14245,32313
15518,32313
14477,32313
14481,32313
15074,32313
15495,32313
14336,32313
15517,32313
14164,32313
14976,32313
15319,32313
15457,32313
14310,32313
14294,32313
14982,32313
20321,32313
14590,32313
15104,32313
16055,32313
14137,32313
15311,32313
20350,32313
15835,32313
15458,32313
16842,32313
16057,32313
14738,32319
14662,32319
14964,32319
15311,32319
17377,32319
14251,32319
14483,32394
14943,32394
14527,32394
14203,32394
14221,32394
14670,32394
15621,32394
20129,32394
14208,32394
14476,32394
14387,32394
14685,32394
14270,32394
17064,32394
14814,32394
14058,32394
14151,32394
14211,32394
14235,32394
14268,32394
14733,32394
14477,32394
14481,32394
16376,32394
14838,32408
14838,32448
14686,32455
14269,32505
15500,32505
14024,32505
14034,32505
14030,32505
14320,32505
14019,32505
14023,32505
15461,32520
14632,32537
14662,32562
14964,32562
15311,32562
17377,32562
14251,32562
20330,32584
14603,32584
15770,32584
20157,32584
15210,32584
14249,32584
17378,32584
15767,32584
20298,32584
16066,32584
16490,32584
17256,32584
15783,32584
16062,32584
15832,32584
16350,32584
17062,32584
16306,32584
20355,32584
20356,32584
17151,32584
20302,32584
15834,32584
15089,32584
14182,32584
15152,32584
16085,32584
20303,32584
14059,32584
20218,32584
16588,32584
20304,32584
14132,32584
14304,32584
15466,32584
14881,32584
14783,32584
14171,32584
14150,32584
16792,32584
14730,32584
14060,32584
17233,32584
17232,32584
14157,32584
14314,32584
15088,32584
16506,32584
20417,32584
14336,32584
14293,32584
15260,32584
17150,32584
15856,32584
14287,32584
14898,32584
14199,32584
14259,32584
14990,32584
17231,32584
20362,32584
15104,32584
15132,32584
15171,32584
14165,32584
16795,32584
17242,32584
15778,32584
14306,32584
14222,32584
14280,32584
15303,32596
16570,32609
15093,32609
14807,32609
15088,32609
20309,32609
20315,32609
14940,32609
14975,32636
15012,32636
15324,32651
16570,32712
15093,32712
14807,32712
15088,32712
20309,32712
20315,32712
14940,32712
14483,32719
14972,32719
20157,32719
17829,32719
14686,32719
15210,32719
14249,32719
17378,32719
14944,32719
15767,32719
16066,32719
16490,32719
14127,32719
14269,32719
17256,32719
15783,32719
14216,32719
16062,32719
14943,32719
15832,32719
17062,32719
15841,32719
20355,32719
20356,32719
17151,32719
20302,32719
14160,32719
15089,32719
14527,32719
14182,32719
15152,32719
14374,32719
14203,32719
20303,32719
14193,32719
14221,32719
14670,32719
14143,32719
15621,32719
20304,32719
15500,32719
15121,32719
14881,32719
14784,32719
20129,32719
14208,32719
14476,32719
14387,32719
14783,32719
14685,32719
14270,32719
17064,32719
14171,32719
14150,32719
14814,32719
14058,32719
15002,32719
17831,32719
14151,32719
20340,32719
14211,32719
14024,32719
14981,32719
14952,32719
14034,32719
14640,32719
17724,32719
14235,32719
14030,32719
14028,32719
14993,32719
15003,32719
14042,32719
14320,32719
17233,32719
17232,32719
14157,32719
14314,32719
15205,32719
14373,32719
16268,32719
15088,32719
14019,32719
16506,32719
14268,32719
14733,32719
14477,32719
14481,32719
14336,32719
14298,32719
15260,32719
17150,32719
14302,32719
15856,32719
14287,32719
15428,32719
16376,32719
14898,32719
14402,32719
20193,32719
14940,32719
14297,32719
14990,32719
17231,32719
15556,32719
15437,32719
15104,32719
15132,32719
15171,32719
14023,32719
17242,32719
20324,32719
14999,32719
15584,32719
15834,32719
16550,32719
14838,32719
15840,32719
14726,32733
14629,32733
15179,32737
16490,32737
20302,32737
15089,32737
14374,32737
14881,32737
14784,32737
14993,32737
14336,32737
14990,32737
15104,32737
14138,32746
16068,32759
16476,32778
20157,32778
20294,32778
14249,32778
15767,32778
16066,32778
16490,32778
14139,32778
15292,32778
20300,32778
16062,32778
16801,32778
16056,32778
16314,32778
14160,32778
20290,32778
16071,32778
16085,32778
20303,32778
16312,32778
18314,32778
14424,32778
14881,32778
15127,32778
15100,32778
20129,32778
14783,32778
15093,32778
14150,32778
14292,32778
14176,32778
17337,32778
15125,32778
14981,32778
14840,32778
15124,32778
16063,32778
14173,32778
14156,32778
14993,32778
17233,32778
15112,32778
14314,32778
14241,32778
15088,32778
17175,32778
14336,32778
16313,32778
20312,32778
16074,32778
15260,32778
20254,32778
14589,32778
20313,32778
20314,32778
15856,32778
16316,32778
20317,32778
16054,32778
20321,32778
14161,32778
14990,32778
15104,32778
14137,32778
15132,32778
16004,32778
15458,32778
16057,32778
17987,32778
20328,32778
15424,32797
15490,32797
14783,32797
14993,32797
15458,32797
14911,32828
16476,32841
20157,32841
20294,32841
14249,32841
15767,32841
16066,32841
16490,32841
14139,32841
20300,32841
15147,32841
16062,32841
16056,32841
16314,32841
20290,32841
16071,32841
16085,32841
20303,32841
16312,32841
14561,32841
17729,32841
18314,32841
14424,32841
14881,32841
15100,32841
20129,32841
14783,32841
14150,32841
14840,32841
15124,32841
16063,32841
14560,32841
14993,32841
17233,32841
17175,32841
14336,32841
16313,32841
20312,32841
17428,32841
15260,32841
16054,32841
20321,32841
14990,32841
15104,32841
14137,32841
15132,32841
16004,32841
17730,32841
15458,32841
14667,32841
16057,32841
17987,32841
20328,32841
20294,32856
16490,32856
15147,32856
17407,32856
15832,32856
16350,32856
17062,32856
15089,32856
14182,32856
20303,32856
20304,32856
15181,32856
14881,32856
16550,32856
14783,32856
17064,32856
16790,32856
14993,32856
15112,32856
16506,32856
20311,32856
14898,32856
14990,32856
15132,32856
15171,32856
14603,32905
15770,32905
14263,32905
15064,32905
14269,32905
14020,32905
14272,32905
14059,32905
16588,32905
14304,32905
15500,32905
14024,32905
20437,32905
14034,32905
14060,32905
14030,32905
14028,32905
15003,32905
14042,32905
14320,32905
15501,32905
17776,32905
14019,32905
15013,32905
14033,32905
14293,32905
17494,32905
14026,32905
14259,32905
14023,32905
14165,32905
15778,32905
14306,32905
14222,32905
14280,32905
14910,32928
16690,32928
14132,32928
16793,32928
14276,32928
14267,32928
15354,32928
14191,32928
20345,32928
15856,32928
14286,32928
14969,32928
16593,32930
14975,32942
17417,32942
14964,32942
17377,32942
14251,32942
15763,32967
20395,32967
17124,32967
20396,32967
17407,32967
20399,32967
20400,32967
14751,32967
15316,32967
15886,32967
16085,32967
15912,32967
17333,32967
14726,32967
15907,32967
20303,32967
14256,32967
14052,32967
14561,32967
17739,32967
17729,32967
16031,32967
14645,32967
20405,32967
16582,32967
14678,32967
14782,32967
16192,32967
15908,32967
16217,32967
16328,32967
14591,32967
20146,32967
14128,32967
14560,32967
14993,32967
14662,32967
16195,32967
20417,32967
14559,32967
20311,32967
20419,32967
20420,32967
14704,32967
20381,32967
14932,32967
20425,32967
16347,32967
20362,32967
20376,32967
14689,32967
14667,32967
20430,32967
17987,32967
14216,32973
14143,32973
16068,32974
20377,32980
15064,32980
20431,32980
14269,32980
17256,32980
15783,32980
14020,32980
15486,32980
14021,32980
14281,32980
15500,32980
14237,32980
20437,32980
14030,32980
14028,32980
15003,32980
14042,32980
14320,32980
14019,32980
14229,32980
15084,32980
14026,32980
14029,32980
18036,32980
20238,32980
20193,32980
14940,32980
20368,32980
14023,32980
14434,32980
14775,32980
20324,32980
20239,32986
14779,32986
17153,32999
14139,32999
14840,32999
15124,32999
16054,32999
15303,33060
14187,33063
15077,33063
14780,33063
14483,33064
14179,33064
14943,33064
14527,33064
15507,33064
14203,33064
14221,33064
14670,33064
15621,33064
20129,33064
14208,33064
14476,33064
14387,33064
14685,33064
14270,33064
17064,33064
14814,33064
14058,33064
14149,33064
14151,33064
14800,33064
14211,33064
14235,33064
14268,33064
14733,33064
14477,33064
14481,33064
15467,33064
16376,33064
16347,33064
16593,33064
15087,33091
15211,33091
15542,33091
15094,33091
14299,33091
20303,33091
15116,33091
15082,33091
14176,33091
15073,33091
15078,33091
14238,33091
14882,33091
15209,33091
15320,33091
14900,33091
14596,33091
14161,33091
15148,33091
14177,33091
15484,33091
14899,33091
14973,33179
15303,33179
14325,33188
20208,33201
20336,33210
15324,33210
14975,33210
15324,33216
14836,33225
14836,33228
14603,33232
15770,33232
14263,33232
15064,33232
14269,33232
14020,33232
14272,33232
14059,33232
16588,33232
14304,33232
15500,33232
14024,33232
20437,33232
14034,33232
14060,33232
14030,33232
14028,33232
15003,33232
14042,33232
14320,33232
15501,33232
17776,33232
14019,33232
15013,33232
14033,33232
14293,33232
17494,33232
14026,33232
14259,33232
14023,33232
14165,33232
15778,33232
14306,33232
14222,33232
14280,33232
14018,33293
14966,33299
14238,33302
15320,33302
14900,33302
14902,33302
14596,33302
14897,33302
14901,33302
14899,33302
20157,33306
20294,33306
15210,33306
16490,33306
15147,33306
14833,33306
17062,33306
15089,33306
20303,33306
20304,33306
15181,33306
14881,33306
14783,33306
14158,33306
16357,33306
14993,33306
15112,33306
14274,33306
20311,33306
14340,33306
14287,33306
14758,33306
14898,33306
14780,33306
14990,33306
15171,33306
16802,33306
20323,33306
15458,33306
16476,33342
20157,33342
20294,33342
14249,33342
15767,33342
16066,33342
16490,33342
14139,33342
20300,33342
16062,33342
16056,33342
20290,33342
16071,33342
16085,33342
16312,33342
18314,33342
14424,33342
14881,33342
15100,33342
20129,33342
14783,33342
14150,33342
14292,33342
14840,33342
15124,33342
16063,33342
14993,33342
17233,33342
17305,33342
17175,33342
14336,33342
16313,33342
20312,33342
15260,33342
20317,33342
16054,33342
20321,33342
14990,33342
15104,33342
14137,33342
15132,33342
16004,33342
15458,33342
16057,33342
17987,33342
20328,33342
14662,33348
15179,33410
16490,33410
20302,33410
15089,33410
14881,33410
14784,33410
14993,33410
14336,33410
14990,33410
15104,33410
14330,33449
15326,33449
20263,33449
15324,33449
16317,33449
15322,33449
14979,33449
14380,33449
14338,33449
15121,33449
14845,33449
15093,33449
14283,33449
14171,33449
14141,33449
14949,33449
15131,33449
14176,33449
15150,33449
14952,33449
20239,33449
14849,33449
14640,33449
14852,33449
14993,33449
14284,33449
14271,33449
20227,33449
16268,33449
14351,33449
14229,33449
14956,33449
14789,33449
14988,33449
17999,33449
15338,33449
14779,33449
20212,33449
14780,33449
14140,33449
15001,33449
14161,33449
14323,33449
15296,33449
15311,33449
16014,33449
14999,33449
14223,33449
14309,33449
20460,33451
20341,33451
15434,33451
14603,33453
15770,33453
14263,33453
15064,33453
14269,33453
14020,33453
14272,33453
14059,33453
16588,33453
14304,33453
15500,33453
14024,33453
20437,33453
14034,33453
14060,33453
14030,33453
14028,33453
15003,33453
14042,33453
14320,33453
15501,33453
17776,33453
14019,33453
15013,33453
14033,33453
14293,33453
17494,33453
14026,33453
14259,33453
14023,33453
14165,33453
15778,33453
14306,33453
14222,33453
14280,33453
15087,33454
15211,33454
20300,33454
17243,33454
14299,33454
15089,33454
16071,33454
16317,33454
15110,33454
14380,33454
15116,33454
15165,33454
15082,33454
14881,33454
15098,33454
15127,33454
15100,33454
15093,33454
14171,33454
15131,33454
14176,33454
17337,33454
15073,33454
14952,33454
14178,33454
15114,33454
14156,33454
14241,33454
15590,33454
14546,33454
17234,33454
14351,33454
16434,33454
14988,33454
16011,33454
15209,33454
14140,33454
14841,33454
15001,33454
14540,33454
15006,33454
14161,33454
14323,33454
15148,33454
15104,33454
14913,33454
14177,33454
16014,33454
14999,33454
15484,33454
14223,33454
20460,33459
14315,33459
14838,33459
14325,33459
14322,33459
14228,33459
14312,33459
14136,33459
15770,33464
16588,33464
14306,33464
14019,33476
14775,33476
20324,33476
14838,33487
14975,33510
15012,33510
15424,33512
15874,33512
15493,33512
17309,33512
15026,33512
14685,33512
15412,33512
20305,33512
15417,33512
16687,33534
14483,33534
14330,33534
14250,33534
14944,33534
14836,33534
14835,33534
14327,33534
14508,33534
14255,33534
14943,33534
15449,33534
15837,33534
14152,33534
16690,33534
14527,33534
14762,33534
14726,33534
14629,33534
14203,33534
20303,33534
14221,33534
14670,33534
15451,33534
15621,33534
14132,33534
14317,33534
14845,33534
16793,33534
14276,33534
20129,33534
14208,33534
14476,33534
14387,33534
14685,33534
14270,33534
17064,33534
14141,33534
14814,33534
14058,33534
14809,33534
17308,33534
14149,33534
14151,33534
14217,33534
14800,33534
14211,33534
14196,33534
14168,33534
14142,33534
14852,33534
14128,33534
14938,33534
14235,33534
14993,33534
14271,33534
20306,33534
14582,33534
14198,33534
15295,33534
14204,33534
14202,33534
14268,33534
14274,33534
14733,33534
14477,33534
14481,33534
15303,33534
14162,33534
15095,33534
14691,33534
17148,33534
15609,33534
14287,33534
16376,33534
14605,33534
15836,33534
14282,33534
15769,33534
16788,33534
16210,33534
16354,33534
15296,33534
16802,33534
14215,33534
16689,33534
14973,33555
15303,33555
17652,33654
14405,33654
20263,33654
14290,33654
16545,33654
15829,33654
17434,33654
14978,33654
16519,33654
17435,33654
15483,33654
17173,33654
14807,33654
14975,35701
15012,35701
14216,36123
14143,36123
20212,36123
14934,36425
14975,36425
14273,36425
15176,36425
14964,36425
17377,36425
14251,36425
14483,36527
14943,36527
14527,36527
14203,36527
14221,36527
14670,36527
15621,36527
20129,36527
14208,36527
14476,36527
14387,36527
14685,36527
14270,36527
17064,36527
14814,36527
14058,36527
14149,36527
14151,36527
14800,36527
14211,36527
14235,36527
14268,36527
14733,36527
14477,36527
14481,36527
16376,36527
14153,36707
14910,36707
14483,36707
14520,36707
16476,36707
15763,36707
20157,36707
20390,36707
17335,36707
15767,36707
14508,36707
15416,36707
14995,36707
14943,36707
17067,36707
17062,36707
16314,36707
20302,36707
15430,36707
15297,36707
15089,36707
15299,36707
14279,36707
15507,36707
14822,36707
20303,36707
16312,36707
20339,36707
15438,36707
14221,36707
14670,36707
14702,36707
15621,36707
20228,36707
15085,36707
15181,36707
15494,36707
14246,36707
15167,36707
15982,36707
14881,36707
16793,36707
14276,36707
14784,36707
20129,36707
15808,36707
14783,36707
14685,36707
14344,36707
14270,36707
17066,36707
14141,36707
14680,36707
14809,36707
20146,36707
14149,36707
14151,36707
14267,36707
14206,36707
15174,36707
14800,36707
14211,36707
20341,36707
14050,36707
15431,36707
16063,36707
14156,36707
14235,36707
14030,36707
14993,36707
15956,36707
14017,36707
15310,36707
15518,36707
14546,36707
14268,36707
14733,36707
15074,36707
14336,36707
15303,36707
15467,36707
15517,36707
14291,36707
15475,36707
20359,36707
20391,36707
14301,36707
20392,36707
15457,36707
14528,36707
14294,36707
15833,36707
20318,36707
16347,36707
14286,36707
20321,36707
20393,36707
14343,36707
20394,36707
15771,36707
15434,36707
15296,36707
16055,36707
14137,36707
15311,36707
16593,36707
14347,36707
20350,36707
15835,36707
14936,36707
15458,36707
14786,36707
16057,36707
14216,36825
14143,36825
14231,36836
15413,36836
15143,36836
15324,36836
15092,36836
15290,36836
15273,36836
15272,36836
14736,36836
14909,36836
14194,36836
14975,36836
14640,36836
14662,36836
14604,36836
14740,36836
15000,36836
14302,36836
14155,36836
14187,36836
15077,36836
15308,36836
15012,36836
15176,36836
20212,36836
15481,36836
15087,36836
15211,36836
14373,36836
14483,37082
14943,37082
14527,37082
14203,37082
14221,37082
14670,37082
15621,37082
20129,37082
14208,37082
14476,37082
14387,37082
14685,37082
14270,37082
17064,37082
14814,37082
14058,37082
14149,37082
14151,37082
14800,37082
14211,37082
14235,37082
14268,37082
14733,37082
14477,37082
14481,37082
16376,37082
14483,37150
14943,37150
14527,37150
14203,37150
14221,37150
14670,37150
15621,37150
20129,37150
14208,37150
14476,37150
14387,37150
14685,37150
14270,37150
17064,37150
14814,37150
14058,37150
14149,37150
14151,37150
14800,37150
14211,37150
14235,37150
14268,37150
14733,37150
14477,37150
14481,37150
16376,37150
14975,37151
15012,37151
14975,37184
15012,37184
15179,37405
14987,37405
20157,37405
15210,37405
14249,37405
17378,37405
14944,37405
20298,37405
15326,37405
17407,37405
14961,37405
16306,37405
14135,37405
15322,37405
20218,37405
14132,37405
14338,37405
14881,37405
16793,37405
14276,37405
14283,37405
15859,37405
14284,37405
16268,37405
20417,37405
14838,37405
14336,37405
14298,37405
15477,37405
17558,37405
14402,37405
14947,37405
14282,37405
14297,37405
15772,37405
20362,37405
14138,37405
15104,37405
15132,37405
14309,37405
14302,37548
15093,37613
14599,37613
15450,37835
14483,37967
14943,37967
14527,37967
14203,37967
14221,37967
14670,37967
15621,37967
20129,37967
14208,37967
14476,37967
14387,37967
14685,37967
14270,37967
17064,37967
14814,37967
14058,37967
14149,37967
14151,37967
14800,37967
14211,37967
14235,37967
14268,37967
14733,37967
14477,37967
14481,37967
16376,37967
16825,38047
14510,38047
14774,38047
20332,38047
14768,38047
20333,38047
20334,38047
16086,38047
14019,38323
14775,38323
20324,38323
14838,38381
20330,38513
14603,38513
15770,38513
20157,38513
15210,38513
14249,38513
17378,38513
15767,38513
20298,38513
16066,38513
16490,38513
17256,38513
15783,38513
16062,38513
15832,38513
16350,38513
17062,38513
16306,38513
20355,38513
20356,38513
17151,38513
20302,38513
15834,38513
15089,38513
14182,38513
15152,38513
16085,38513
20303,38513
14059,38513
20218,38513
16588,38513
20304,38513
14132,38513
14304,38513
15466,38513
14881,38513
14783,38513
14171,38513
14150,38513
16792,38513
14730,38513
14060,38513
17233,38513
17232,38513
14157,38513
14314,38513
15088,38513
16506,38513
20417,38513
14336,38513
14293,38513
15260,38513
17150,38513
15856,38513
14287,38513
14898,38513
14199,38513
14259,38513
14990,38513
17231,38513
20362,38513
15104,38513
15132,38513
15171,38513
14165,38513
16795,38513
17242,38513
15778,38513
14306,38513
14222,38513
14280,38513
20330,38515
14603,38515
15770,38515
20157,38515
15210,38515
14249,38515
17378,38515
15767,38515
20298,38515
16066,38515
16490,38515
17256,38515
15783,38515
16062,38515
15832,38515
16350,38515
17062,38515
16306,38515
20355,38515
20356,38515
17151,38515
20302,38515
15834,38515
15089,38515
14182,38515
15152,38515
16085,38515
20303,38515
14059,38515
20218,38515
16588,38515
20304,38515
14132,38515
14304,38515
15466,38515
14881,38515
14783,38515
14171,38515
14150,38515
16792,38515
14730,38515
14060,38515
17233,38515
17232,38515
14157,38515
14314,38515
15088,38515
16506,38515
20417,38515
14336,38515
14293,38515
15260,38515
17150,38515
15856,38515
14287,38515
14898,38515
14199,38515
14259,38515
14990,38515
17231,38515
20362,38515
15104,38515
15132,38515
15171,38515
14165,38515
16795,38515
17242,38515
15778,38515
14306,38515
14222,38515
14280,38515
14964,38802
17377,38802
15303,38905
14662,39099
14964,39099
15311,39099
17377,39099
14251,39099
16687,39111
14944,39111
15762,39111
14835,39111
14255,39111
14846,39111
16690,39111
16698,39111
14200,39111
14984,39111
14317,39111
16793,39111
14276,39111
14212,39111
14271,39111
14163,39111
15609,39111
17558,39111
14282,39111
15769,39111
15103,39111
16689,39111
14603,39202
15770,39202
14263,39202
15064,39202
14269,39202
14020,39202
14272,39202
14059,39202
16588,39202
14304,39202
15500,39202
14024,39202
20437,39202
14034,39202
14060,39202
14030,39202
14028,39202
15003,39202
14042,39202
14320,39202
15501,39202
17776,39202
14019,39202
15013,39202
14033,39202
14293,39202
17494,39202
14026,39202
14259,39202
14023,39202
14165,39202
15778,39202
14306,39202
14222,39202
14280,39202
14111,39208
14229,39208
14975,39297
15012,39297
15001,39455
16855,39455
14740,39580
17524,39580
14483,39603
14943,39603
14527,39603
14203,39603
14221,39603
14670,39603
15621,39603
20129,39603
14208,39603
14476,39603
14387,39603
14685,39603
14270,39603
17064,39603
14814,39603
14058,39603
14149,39603
14151,39603
14800,39603
14211,39603
14235,39603
14268,39603
14733,39603
14477,39603
14481,39603
16376,39603
15324,39809
14603,83765
15770,83765
14263,83765
15064,83765
14269,83765
14020,83765
14272,83765
14059,83765
16588,83765
14304,83765
15500,83765
14024,83765
20437,83765
14034,83765
14060,83765
14030,83765
14028,83765
15003,83765
14042,83765
14320,83765
15501,83765
17776,83765
14019,83765
15013,83765
14033,83765
14293,83765
17494,83765
14026,83765
14259,83765
14023,83765
14165,83765
15778,83765
14306,83765
14222,83765
14280,83765
14269,83771
15500,83771
14024,83771
14034,83771
14030,83771
14320,83771
14019,83771
14023,83771
16687,83772
14944,83772
15762,83772
14835,83772
14255,83772
14846,83772
16690,83772
16698,83772
14200,83772
14984,83772
14317,83772
16793,83772
14276,83772
14212,83772
14271,83772
14163,83772
15609,83772
17558,83772
14282,83772
15769,83772
15103,83772
16689,83772
16687,83773
14944,83773
15762,83773
14835,83773
14255,83773
14846,83773
16690,83773
16698,83773
14200,83773
14984,83773
14317,83773
16793,83773
14276,83773
14212,83773
14271,83773
14163,83773
15609,83773
17558,83773
14282,83773
15769,83773
15103,83773
16689,83773
14111,83785
14229,83785
14111,83786
14229,83786
14483,83818
14943,83818
14527,83818
14203,83818
14221,83818
14670,83818
15621,83818
20129,83818
14208,83818
14476,83818
14387,83818
14685,83818
14270,83818
17064,83818
14814,83818
14058,83818
14149,83818
14151,83818
14800,83818
14211,83818
14235,83818
14268,83818
14733,83818
14477,83818
14481,83818
16376,83818
14483,83822
14943,83822
14527,83822
14203,83822
14221,83822
14670,83822
15621,83822
20129,83822
14208,83822
14476,83822
14387,83822
14685,83822
14270,83822
17064,83822
14814,83822
14058,83822
14149,83822
14151,83822
14800,83822
14211,83822
14235,83822
14268,83822
14733,83822
14477,83822
14481,83822
16376,83822
14975,83826
15012,83826
16546,83837
16476,83837
17652,83837
20157,83837
20294,83837
14249,83837
15762,83837
15767,83837
16066,83837
16490,83837
14139,83837
14188,83837
14842,83837
15292,83837
20300,83837
15419,83837
15147,83837
15326,83837
14995,83837
16062,83837
16056,83837
16314,83837
15834,83837
20290,83837
16071,83837
16085,83837
14762,83837
16570,83837
20303,83837
15322,83837
16312,83837
15180,83837
15451,83837
18314,83837
20460,83837
15079,83837
14424,83837
15849,83837
14845,83837
14881,83837
20407,83837
16793,83837
14276,83837
15100,83837
20129,83837
14783,83837
14315,83837
18590,83837
14150,83837
20408,83837
14292,83837
14258,83837
15150,83837
14196,83837
14840,83837
20239,83837
14212,83837
15105,83837
15124,83837
14142,83837
14807,83837
16063,83837
14852,83837
14993,83837
15003,83837
17233,83837
15155,83837
14245,83837
14241,83837
14582,83837
15088,83837
14547,83837
15153,83837
20412,83837
14538,83837
14792,83837
20418,83837
17175,83837
14838,83837
15495,83837
14336,83837
16313,83837
20133,83837
14976,83837
20312,83837
15212,83837
15321,83837
15095,83837
14291,83837
16074,83837
15260,83837
20315,83837
15156,83837
14779,83837
15478,83837
15325,83837
15289,83837
20317,83837
16054,83837
18036,83837
15133,83837
16069,83837
15103,83837
14856,83837
20321,83837
14990,83837
14951,83837
15771,83837
15104,83837
14137,83837
15132,83837
15137,83837
15779,83837
16004,83837
14936,83837
15458,83837
20429,83837
14786,83837
16057,83837
14309,83837
17987,83837
20328,83837
20460,83838
14315,83838
14838,83838
14325,83838
14322,83838
14228,83838
14312,83838
14136,83838
15091,83867
20157,83867
20294,83867
15210,83867
14249,83867
16066,83867
16490,83867
15147,83867
17062,83867
15089,83867
14182,83867
14726,83867
20303,83867
20304,83867
14132,83867
15167,83867
14881,83867
14783,83867
14171,83867
16357,83867
14993,83867
15112,83867
17230,83867
16506,83867
14336,83867
20311,83867
15078,83867
15260,83867
14340,83867
14898,83867
14990,83867
17231,83867
15104,83867
15132,83867
15171,83867
15406,83867
15763,83891
14021,83891
20228,83891
14028,83891
15003,83891
20193,83891
20429,83891
14148,83894
16219,83894
15108,83894
16303,83894
14220,83894
14150,83894
14974,83894
14962,83894
14971,83894
14305,83894
15001,83894
14937,83894
15006,83894
14223,83894
14541,83894
14843,83899
15316,83899
14702,83899
14729,83899
20376,83899
14330,83909
15326,83909
20263,83909
15324,83909
16317,83909
15322,83909
14979,83909
14380,83909
14338,83909
15121,83909
14845,83909
15093,83909
14283,83909
14171,83909
14141,83909
14949,83909
15131,83909
14176,83909
15150,83909
14952,83909
20239,83909
14849,83909
14640,83909
14852,83909
14993,83909
14284,83909
14271,83909
20227,83909
16268,83909
14351,83909
14229,83909
14956,83909
14789,83909
14988,83909
17999,83909
15338,83909
14779,83909
20212,83909
14780,83909
14140,83909
15001,83909
14161,83909
14323,83909
15296,83909
15311,83909
16014,83909
14999,83909
14223,83909
14309,83909
15450,83948
15821,83969
14327,83969
16793,83969
14276,83969
20341,83969
20239,83969
14938,83969
15434,83969
15296,83969
20396,84059
20399,84059
20400,84059
16085,84059
15912,84059
17333,84059
14726,84059
15907,84059
14561,84059
16031,84059
14645,84059
20405,84059
16582,84059
14845,84059
14257,84059
16550,84059
16192,84059
15908,84059
14258,84059
16217,84059
16328,84059
14591,84059
14852,84059
14560,84059
14838,84059
20311,84059
20419,84059
20420,84059
20381,84059
14932,84059
20425,84059
14926,84059
14689,84059
17987,84059
17524,84139
14975,84143
15012,84143
14975,84144
15012,84144
14975,84147
15012,84147
14975,84149
15012,84149
14975,84151
15012,84151
14975,84153
15012,84153
14849,84174
14149,84177
14235,84177
14149,84228
14235,84228
14764,84251
14273,84251
14838,84273
14838,84275
15303,84278
15303,84279
14251,84332
